-- phpMyAdmin SQL Dump
-- version 4.9.7
-- https://www.phpmyadmin.net/
--
-- Host: localhost:3306
-- Generation Time: Jan 30, 2023 at 09:33 PM
-- Server version: 10.5.18-MariaDB-cll-lve
-- PHP Version: 7.4.33

SET SQL_MODE = "NO_AUTO_VALUE_ON_ZERO";
SET AUTOCOMMIT = 0;
START TRANSACTION;
SET time_zone = "+00:00";


/*!40101 SET @OLD_CHARACTER_SET_CLIENT=@@CHARACTER_SET_CLIENT */;
/*!40101 SET @OLD_CHARACTER_SET_RESULTS=@@CHARACTER_SET_RESULTS */;
/*!40101 SET @OLD_COLLATION_CONNECTION=@@COLLATION_CONNECTION */;
/*!40101 SET NAMES utf8mb4 */;

--
-- Database: `cekt5974_wms`
--

-- --------------------------------------------------------

--
-- Table structure for table `tec_categories`
--

CREATE TABLE `tec_categories` (
  `id` int(11) NOT NULL,
  `code` varchar(20) NOT NULL,
  `name` varchar(55) NOT NULL
) ENGINE=MyISAM DEFAULT CHARSET=utf8 COLLATE=utf8_general_ci;

--
-- Dumping data for table `tec_categories`
--

INSERT INTO `tec_categories` (`id`, `code`, `name`) VALUES
(1, 'LUCKYMEN', 'LUCKYMEN'),
(2, 'ELROYAL', 'ELROYAL');

-- --------------------------------------------------------

--
-- Table structure for table `tec_check_in`
--

CREATE TABLE `tec_check_in` (
  `id` int(11) NOT NULL,
  `reference` varchar(55) NOT NULL,
  `date` datetime NOT NULL,
  `attachment` varchar(55) DEFAULT NULL,
  `supplier` int(11) DEFAULT NULL,
  `created_by` int(11) DEFAULT NULL,
  `updated_by` int(11) DEFAULT NULL,
  `updated_at` datetime DEFAULT NULL,
  `note` text DEFAULT NULL
) ENGINE=InnoDB DEFAULT CHARSET=utf8 COLLATE=utf8_general_ci;

--
-- Dumping data for table `tec_check_in`
--

INSERT INTO `tec_check_in` (`id`, `reference`, `date`, `attachment`, `supplier`, `created_by`, `updated_by`, `updated_at`, `note`) VALUES
(1, '930108256543', '2022-11-16 16:35:00', NULL, 1, 11, NULL, NULL, 'surat jalan queensha 11/11/22<br>awb 2542322200117819'),
(2, '302182354651', '2022-11-16 16:38:00', NULL, 1, 11, NULL, NULL, 'surat jalan jum\'at 11 november 2022   <br>awb 2542322200117819'),
(3, '357206406314', '2022-11-16 16:40:00', NULL, 0, 11, NULL, NULL, 'surat jalan queensha shop jum\'at 11 november 2022<br>awb 2542322200117819'),
(4, '480683729216', '2022-11-16 16:44:00', NULL, 1, 11, NULL, NULL, 'surat jalan queensha shop juma\'at 11 november<br>awb 2542322200117819'),
(6, '961075835182', '2022-11-17 15:20:00', NULL, 0, 8, NULL, NULL, ''),
(8, '852733194674', '2022-11-18 09:34:00', NULL, 1, 11, NULL, NULL, '        '),
(9, '918608247097', '2022-11-18 09:34:00', NULL, 1, 11, NULL, NULL, ''),
(10, '273862044837', '2022-11-18 10:13:00', NULL, 0, 8, NULL, NULL, ''),
(11, '531880324719', '2022-11-21 19:59:00', NULL, 1, 9, NULL, NULL, 'SURAT JALAN QUEENSHA MEDIA GRUP TANGGAL 11-11-2022<br>AWB 2542322200117850<br>'),
(12, '569925270184', '2022-11-21 20:02:00', '31c05638e40d2df224f2066098b5425b.jpg', 1, 9, NULL, NULL, 'LUCKYMEN SERUM (222) = 1 PCS RUSAK, DAN KURANG 3 PCS<br>SURAT JALAN QUEENSHA TANGGAL 11-11-2022<br>AWB 2542322200117850<br><br>'),
(13, '146935021035', '2022-11-21 20:11:00', 'ab291ab5810082675b128d266377034e.jpg', 1, 9, NULL, NULL, 'EL ROYAL MORNING SLIMMING TEA (HIJAU) (666) = KURANG 1 PCS, RUSAK 5 PCS<br>SURAT JALAN QUEENSHA MEDIA GRUP TANGGAL 11-11-2022<br>AWB 2542322200117850<br><br>'),
(14, '344095276115', '2022-11-21 20:16:00', 'f42d924eeabba1f82ebeee70444a191f.jpg', 1, 9, NULL, NULL, 'EL ROYAL NIGHT SLIMMING TEA (ABU) (777) = KURANG 18 PCS, RUSAK 3 PCS<br>SURAT JALAN QUEENSHA MEDIA GRUP TANGGAL 11-11-2022<br>AWB 2542322200117850<br><br>'),
(15, '328179307416', '2023-01-30 20:27:00', NULL, 1, 1, NULL, NULL, '');

-- --------------------------------------------------------

--
-- Table structure for table `tec_check_in_items`
--

CREATE TABLE `tec_check_in_items` (
  `id` int(11) NOT NULL,
  `check_in_id` int(11) NOT NULL,
  `item_warehouse_id` int(11) DEFAULT NULL,
  `item_id` int(11) DEFAULT NULL,
  `warehouse_id` int(11) DEFAULT NULL,
  `quantity` int(11) DEFAULT NULL,
  `created_at` timestamp NOT NULL DEFAULT current_timestamp(),
  `updated_at` timestamp NULL DEFAULT NULL,
  `deleted_at` timestamp NULL DEFAULT NULL
) ENGINE=InnoDB DEFAULT CHARSET=utf8 COLLATE=utf8_general_ci;

--
-- Dumping data for table `tec_check_in_items`
--

INSERT INTO `tec_check_in_items` (`id`, `check_in_id`, `item_warehouse_id`, `item_id`, `warehouse_id`, `quantity`, `created_at`, `updated_at`, `deleted_at`) VALUES
(1, 1, 1, 3, 10, 100, '2022-11-22 09:10:18', NULL, NULL),
(2, 2, 2, 4, 10, 100, '2022-11-22 09:10:18', NULL, NULL),
(3, 3, 3, 5, 10, 100, '2022-11-22 09:10:18', NULL, NULL),
(4, 4, 4, 2, 10, 798, '2022-11-22 09:10:18', NULL, NULL),
(5, 5, 5, 1, 10, NULL, '2022-11-22 09:10:18', NULL, NULL),
(7, 6, 7, 2, 3, 400, '2022-11-22 09:10:18', NULL, NULL),
(8, 6, 8, 3, 3, 100, '2022-11-22 09:10:18', NULL, NULL),
(9, 6, 9, 4, 3, 100, '2022-11-22 09:10:18', NULL, NULL),
(10, 6, 10, 5, 3, 100, '2022-11-22 09:10:18', NULL, NULL),
(17, 8, 13, 13, 10, 2069, '2022-11-22 09:10:18', NULL, NULL),
(18, 9, 14, 14, 10, 2070, '2022-11-22 09:10:18', NULL, NULL),
(19, 10, 15, 13, 3, 1298, '2022-11-22 09:10:18', NULL, NULL),
(20, 10, 16, 14, 3, 1300, '2022-11-22 09:10:18', NULL, NULL),
(21, 11, 17, 3, 2, 200, '2022-11-22 09:10:18', NULL, NULL),
(22, 11, 18, 4, 2, 200, '2022-11-22 09:10:18', NULL, NULL),
(23, 11, 19, 5, 2, 200, '2022-11-22 09:10:18', NULL, NULL),
(24, 12, 20, 2, 2, 1097, '2022-11-22 09:10:18', NULL, NULL),
(25, 13, 21, 13, 2, 3099, '2022-11-22 09:10:18', NULL, NULL),
(26, 14, 22, 14, 2, 3082, '2022-11-22 09:10:18', NULL, NULL),
(27, 15, 23, 2, 7, 20, '2023-01-30 13:28:48', NULL, NULL);

-- --------------------------------------------------------

--
-- Table structure for table `tec_check_out`
--

CREATE TABLE `tec_check_out` (
  `id` int(11) NOT NULL,
  `reference` varchar(55) NOT NULL,
  `date` datetime NOT NULL,
  `attachment` varchar(55) DEFAULT NULL,
  `customer` int(11) DEFAULT NULL,
  `created_by` int(11) DEFAULT NULL,
  `updated_by` int(11) DEFAULT NULL,
  `updated_at` datetime DEFAULT NULL,
  `note` text DEFAULT NULL
) ENGINE=InnoDB DEFAULT CHARSET=utf8 COLLATE=utf8_general_ci;

--
-- Dumping data for table `tec_check_out`
--

INSERT INTO `tec_check_out` (`id`, `reference`, `date`, `attachment`, `customer`, `created_by`, `updated_by`, `updated_at`, `note`) VALUES
(1, '402697107435', '2022-11-21 16:10:00', NULL, 1, 8, NULL, NULL, ''),
(2, '110565249630', '2022-11-21 17:20:00', NULL, 1, 11, NULL, NULL, ''),
(3, '114620048277', '2022-11-21 18:44:00', NULL, 1, 11, NULL, NULL, 'EVERPRO '),
(4, '711684732048', '2022-11-22 11:51:00', NULL, 1, 9, NULL, NULL, ''),
(5, '278168694970', '2022-11-22 14:52:00', NULL, 1, 11, NULL, NULL, 'EVERPRO '),
(8, '878954261932', '2022-11-22 15:46:00', NULL, 1, 9, NULL, NULL, 'ORDERAN TANGGAL 22-11-2022'),
(9, '065372147189', '2022-11-22 16:28:00', NULL, 0, 8, NULL, NULL, ''),
(11, '250619740581', '2022-11-23 14:28:00', NULL, 0, 8, NULL, NULL, ''),
(12, '907141850762', '2022-11-23 14:49:00', NULL, 1, 11, NULL, NULL, 'EVERPRO'),
(13, '194167500973', '2022-11-23 14:56:00', NULL, 1, 9, NULL, NULL, 'ORDERAN TANGGAL 23-11-2022'),
(14, '827238179450', '2022-11-24 14:30:00', NULL, 0, 8, NULL, NULL, ''),
(15, '614788399154', '2022-11-24 14:34:00', NULL, 1, 9, NULL, NULL, 'ORDERAN TANGGAL 24-11-2022'),
(16, '884972491235', '2022-11-24 14:46:00', NULL, 1, 11, NULL, NULL, 'EVERPRO'),
(17, '475069343602', '2022-11-25 14:49:00', NULL, 1, 11, NULL, NULL, 'EVERPRO'),
(18, '741887036941', '2022-11-25 14:56:00', NULL, 0, 8, NULL, NULL, ''),
(19, '049673229076', '2022-11-25 16:07:00', NULL, 1, 9, NULL, NULL, 'ORDERAN TANGGAL 25-11-2022'),
(20, '342892610961', '2022-11-26 14:36:00', NULL, 1, 9, NULL, NULL, 'ORDERAN TANGGAL 26-11-2022'),
(21, '258534072170', '2022-11-26 14:33:00', NULL, 0, 8, NULL, NULL, ''),
(22, '700596533917', '2022-11-26 14:41:00', NULL, 1, 11, NULL, NULL, 'EVERPRO'),
(23, '150384047826', '2022-11-28 15:17:00', NULL, 0, 8, NULL, NULL, ''),
(24, '471542098636', '2022-11-28 15:57:00', NULL, 1, 11, NULL, NULL, 'EVERPRO'),
(25, '441597608371', '2022-11-28 16:21:00', NULL, 1, 9, NULL, NULL, 'Pengiriman tanggal 28 November 2022'),
(26, '469517807538', '2022-11-29 14:40:00', NULL, 1, 11, NULL, NULL, ''),
(27, '831345902287', '2022-11-29 14:41:00', NULL, 0, 8, NULL, NULL, ''),
(28, '268237915849', '2022-11-29 14:41:00', NULL, 1, 11, NULL, NULL, 'EVERPRO '),
(29, '142657748363', '2022-11-29 15:17:00', NULL, 1, 9, NULL, NULL, 'ORDERAN TANGGAL 29-11-2022\r\n'),
(30, '356106145807', '2022-12-01 19:35:00', NULL, 0, 1, NULL, NULL, ''),
(31, '089601362745', '2023-01-25 19:24:00', NULL, 1, 9, NULL, NULL, 'TEST');

-- --------------------------------------------------------

--
-- Table structure for table `tec_check_out_items`
--

CREATE TABLE `tec_check_out_items` (
  `id` int(11) NOT NULL,
  `check_out_id` int(11) NOT NULL,
  `item_warehouse_id` int(11) NOT NULL,
  `item_id` int(11) DEFAULT NULL,
  `warehouse_id` int(11) DEFAULT NULL,
  `quantity` int(11) DEFAULT NULL,
  `created_at` timestamp NOT NULL DEFAULT current_timestamp(),
  `updated_at` int(11) DEFAULT NULL,
  `deleted_at` int(11) DEFAULT NULL
) ENGINE=InnoDB DEFAULT CHARSET=utf8 COLLATE=utf8_general_ci;

--
-- Dumping data for table `tec_check_out_items`
--

INSERT INTO `tec_check_out_items` (`id`, `check_out_id`, `item_warehouse_id`, `item_id`, `warehouse_id`, `quantity`, `created_at`, `updated_at`, `deleted_at`) VALUES
(1, 1, 7, 2, 3, 26, '2022-11-25 08:59:33', NULL, NULL),
(2, 1, 8, 3, 3, 4, '2022-11-25 08:59:33', NULL, NULL),
(3, 1, 15, 13, 3, 54, '2022-11-25 08:59:33', NULL, NULL),
(4, 1, 16, 14, 3, 109, '2022-11-25 08:59:33', NULL, NULL),
(5, 2, 13, 13, 10, 1, '2022-11-25 08:59:33', NULL, NULL),
(6, 2, 14, 14, 10, 1, '2022-11-25 08:59:33', NULL, NULL),
(7, 3, 4, 2, 10, 51, '2022-11-25 08:59:33', NULL, NULL),
(8, 3, 1, 3, 10, 5, '2022-11-25 08:59:33', NULL, NULL),
(9, 3, 2, 4, 10, 3, '2022-11-25 08:59:33', NULL, NULL),
(10, 3, 3, 5, 10, 1, '2022-11-25 08:59:33', NULL, NULL),
(11, 3, 13, 13, 10, 138, '2022-11-25 08:59:33', NULL, NULL),
(12, 3, 14, 14, 10, 138, '2022-11-25 08:59:33', NULL, NULL),
(13, 4, 20, 2, 2, 43, '2022-11-25 08:59:33', NULL, NULL),
(14, 4, 17, 3, 2, 1, '2022-11-25 08:59:33', NULL, NULL),
(15, 4, 18, 4, 2, 6, '2022-11-25 08:59:33', NULL, NULL),
(16, 4, 21, 13, 2, 137, '2022-11-25 08:59:33', NULL, NULL),
(17, 4, 22, 14, 2, 137, '2022-11-25 08:59:33', NULL, NULL),
(18, 5, 4, 2, 10, 18, '2022-11-25 08:59:33', NULL, NULL),
(19, 5, 1, 3, 10, 1, '2022-11-25 08:59:33', NULL, NULL),
(20, 5, 13, 13, 10, 68, '2022-11-25 08:59:33', NULL, NULL),
(21, 5, 14, 14, 10, 68, '2022-11-25 08:59:33', NULL, NULL),
(22, 6, 19, 5, 2, NULL, '2022-11-25 08:59:33', NULL, NULL),
(24, 8, 20, 2, 2, 26, '2022-11-25 08:59:33', NULL, NULL),
(25, 8, 21, 13, 2, 80, '2022-11-25 08:59:33', NULL, NULL),
(26, 8, 22, 14, 2, 80, '2022-11-25 08:59:33', NULL, NULL),
(27, 9, 7, 2, 3, 11, '2022-11-25 08:59:33', NULL, NULL),
(28, 9, 8, 3, 3, 2, '2022-11-25 08:59:33', NULL, NULL),
(29, 9, 16, 14, 3, 54, '2022-11-25 08:59:33', NULL, NULL),
(30, 9, 15, 13, 3, 54, '2022-11-25 08:59:33', NULL, NULL),
(32, 11, 7, 2, 3, 14, '2022-11-25 08:59:33', NULL, NULL),
(33, 11, 15, 13, 3, 78, '2022-11-25 08:59:33', NULL, NULL),
(34, 11, 16, 14, 3, 78, '2022-11-25 08:59:33', NULL, NULL),
(35, 12, 4, 2, 10, 6, '2022-11-25 08:59:33', NULL, NULL),
(36, 12, 1, 3, 10, 2, '2022-11-25 08:59:33', NULL, NULL),
(37, 12, 13, 13, 10, 78, '2022-11-25 08:59:33', NULL, NULL),
(38, 12, 14, 14, 10, 78, '2022-11-25 08:59:33', NULL, NULL),
(39, 13, 20, 2, 2, 21, '2022-11-25 08:59:33', NULL, NULL),
(40, 13, 18, 4, 2, 3, '2022-11-25 08:59:33', NULL, NULL),
(41, 13, 21, 13, 2, 77, '2022-11-25 08:59:33', NULL, NULL),
(42, 13, 22, 14, 2, 77, '2022-11-25 08:59:33', NULL, NULL),
(43, 14, 7, 2, 3, 18, '2022-11-25 08:59:33', NULL, NULL),
(44, 14, 9, 4, 3, 2, '2022-11-25 08:59:33', NULL, NULL),
(45, 14, 15, 13, 3, 56, '2022-11-25 08:59:33', NULL, NULL),
(46, 14, 16, 14, 3, 56, '2022-11-25 08:59:33', NULL, NULL),
(47, 15, 20, 2, 2, 6, '2022-11-25 08:59:33', NULL, NULL),
(48, 15, 17, 3, 2, 1, '2022-11-25 08:59:33', NULL, NULL),
(49, 15, 18, 4, 2, 3, '2022-11-25 08:59:33', NULL, NULL),
(50, 15, 21, 13, 2, 73, '2022-11-25 08:59:33', NULL, NULL),
(51, 15, 22, 14, 2, 73, '2022-11-25 08:59:33', NULL, NULL),
(52, 16, 4, 2, 10, 17, '2022-11-25 08:59:33', NULL, NULL),
(53, 16, 1, 3, 10, 3, '2022-11-25 08:59:33', NULL, NULL),
(54, 16, 2, 4, 10, 3, '2022-11-25 08:59:33', NULL, NULL),
(55, 16, 13, 13, 10, 67, '2022-11-25 08:59:33', NULL, NULL),
(56, 16, 14, 14, 10, 67, '2022-11-25 08:59:33', NULL, NULL),
(57, 17, 4, 2, 10, 10, '2022-11-25 08:59:33', NULL, NULL),
(58, 17, 1, 3, 10, 2, '2022-11-25 08:59:33', NULL, NULL),
(59, 17, 2, 4, 10, 3, '2022-11-25 08:59:33', NULL, NULL),
(60, 17, 13, 13, 10, 55, '2022-11-25 08:59:33', NULL, NULL),
(61, 17, 14, 14, 10, 55, '2022-11-25 08:59:33', NULL, NULL),
(62, 18, 7, 2, 3, 17, '2022-11-25 08:59:33', NULL, NULL),
(63, 18, 8, 3, 3, 1, '2022-11-25 08:59:33', NULL, NULL),
(64, 18, 9, 4, 3, 1, '2022-11-25 08:59:33', NULL, NULL),
(65, 18, 10, 5, 3, 1, '2022-11-25 08:59:33', NULL, NULL),
(66, 18, 15, 13, 3, 67, '2022-11-25 08:59:33', NULL, NULL),
(67, 18, 16, 14, 3, 67, '2022-11-25 08:59:33', NULL, NULL),
(68, 19, 20, 2, 2, 22, '2022-11-25 09:08:50', NULL, NULL),
(69, 19, 17, 3, 2, 5, '2022-11-25 09:08:50', NULL, NULL),
(70, 19, 18, 4, 2, 2, '2022-11-25 09:08:50', NULL, NULL),
(71, 19, 21, 13, 2, 64, '2022-11-25 09:08:50', NULL, NULL),
(72, 19, 22, 14, 2, 64, '2022-11-25 09:08:50', NULL, NULL),
(73, 20, 20, 2, 2, 24, '2022-11-26 07:37:39', NULL, NULL),
(74, 20, 17, 3, 2, 2, '2022-11-26 07:37:39', NULL, NULL),
(75, 20, 18, 4, 2, 1, '2022-11-26 07:37:39', NULL, NULL),
(76, 20, 21, 13, 2, 71, '2022-11-26 07:37:39', NULL, NULL),
(77, 20, 22, 14, 2, 71, '2022-11-26 07:37:39', NULL, NULL),
(78, 21, 7, 2, 3, 8, '2022-11-26 07:39:47', NULL, NULL),
(79, 21, 8, 3, 3, 4, '2022-11-26 07:39:47', NULL, NULL),
(80, 21, 9, 4, 3, 3, '2022-11-26 07:39:47', NULL, NULL),
(81, 21, 15, 13, 3, 86, '2022-11-26 07:39:47', NULL, NULL),
(82, 21, 16, 14, 3, 86, '2022-11-26 07:39:47', NULL, NULL),
(83, 22, 4, 2, 10, 13, '2022-11-26 07:42:56', NULL, NULL),
(84, 22, 1, 3, 10, 2, '2022-11-26 07:42:56', NULL, NULL),
(85, 22, 13, 13, 10, 75, '2022-11-26 07:42:56', NULL, NULL),
(86, 22, 14, 14, 10, 75, '2022-11-26 07:42:56', NULL, NULL),
(87, 23, 7, 2, 3, 32, '2022-11-28 08:18:27', NULL, NULL),
(88, 23, 8, 3, 3, 2, '2022-11-28 08:18:27', NULL, NULL),
(89, 23, 9, 4, 3, 3, '2022-11-28 08:18:27', NULL, NULL),
(90, 23, 15, 13, 3, 245, '2022-11-28 08:18:27', NULL, NULL),
(91, 23, 16, 14, 3, 245, '2022-11-28 08:18:27', NULL, NULL),
(92, 24, 4, 2, 10, 43, '2022-11-28 08:58:53', NULL, NULL),
(93, 24, 1, 3, 10, 1, '2022-11-28 08:58:53', NULL, NULL),
(94, 24, 2, 4, 10, 2, '2022-11-28 08:58:53', NULL, NULL),
(95, 24, 13, 13, 10, 197, '2022-11-28 08:58:53', NULL, NULL),
(96, 24, 14, 14, 10, 197, '2022-11-28 08:58:53', NULL, NULL),
(97, 25, 20, 2, 2, 44, '2022-11-28 09:25:01', NULL, NULL),
(98, 25, 17, 3, 2, 6, '2022-11-28 09:25:01', NULL, NULL),
(99, 25, 18, 4, 2, 5, '2022-11-28 09:25:01', NULL, NULL),
(100, 25, 19, 5, 2, 1, '2022-11-28 09:25:01', NULL, NULL),
(101, 25, 21, 13, 2, 188, '2022-11-28 09:25:01', NULL, NULL),
(102, 25, 22, 14, 2, 188, '2022-11-28 09:25:01', NULL, NULL),
(103, 26, 14, 14, 10, 1, '2022-11-29 07:40:41', NULL, NULL),
(104, 27, 7, 2, 3, 31, '2022-11-29 07:42:14', NULL, NULL),
(105, 27, 9, 4, 3, 1, '2022-11-29 07:42:14', NULL, NULL),
(106, 27, 15, 13, 3, 91, '2022-11-29 07:42:14', NULL, NULL),
(107, 27, 16, 14, 3, 91, '2022-11-29 07:42:14', NULL, NULL),
(108, 28, 4, 2, 10, 21, '2022-11-29 07:42:23', NULL, NULL),
(109, 28, 13, 13, 10, 87, '2022-11-29 07:42:23', NULL, NULL),
(110, 28, 14, 14, 10, 86, '2022-11-29 07:42:23', NULL, NULL),
(111, 29, 20, 2, 2, 32, '2022-11-29 08:18:40', NULL, NULL),
(112, 29, 17, 3, 2, 5, '2022-11-29 08:18:40', NULL, NULL),
(113, 29, 18, 4, 2, 1, '2022-11-29 08:18:40', NULL, NULL),
(114, 29, 19, 5, 2, 1, '2022-11-29 08:18:40', NULL, NULL),
(115, 29, 21, 13, 2, 89, '2022-11-29 08:18:40', NULL, NULL),
(116, 29, 22, 14, 2, 89, '2022-11-29 08:18:40', NULL, NULL),
(117, 30, 20, 2, 2, 100, '2022-12-01 12:35:29', NULL, NULL),
(118, 30, 17, 3, 2, 200, '2022-12-01 12:35:29', NULL, NULL),
(119, 30, 18, 4, 2, 300, '2022-12-01 12:35:29', NULL, NULL),
(120, 31, 20, 2, 2, 3, '2023-01-25 12:24:29', NULL, NULL);

-- --------------------------------------------------------

--
-- Table structure for table `tec_customers`
--

CREATE TABLE `tec_customers` (
  `id` int(11) NOT NULL,
  `name` varchar(55) NOT NULL,
  `cf1` varchar(255) NOT NULL,
  `cf2` varchar(255) NOT NULL,
  `phone` varchar(20) NOT NULL,
  `email` varchar(100) NOT NULL
) ENGINE=InnoDB DEFAULT CHARSET=utf8 COLLATE=utf8_general_ci;

--
-- Dumping data for table `tec_customers`
--

INSERT INTO `tec_customers` (`id`, `name`, `cf1`, `cf2`, `phone`, `email`) VALUES
(1, 'SOSCOM', '', '', '111', 'test@customer.com'),
(2, 'QUEENSHA SHOP', '', '', '222', 'AAA@BBB.COM');

-- --------------------------------------------------------

--
-- Table structure for table `tec_detail_travel_document`
--

CREATE TABLE `tec_detail_travel_document` (
  `id` int(11) NOT NULL,
  `travel_document_id` int(11) NOT NULL,
  `awb` varchar(100) NOT NULL,
  `created_at` timestamp NULL DEFAULT current_timestamp()
) ENGINE=InnoDB DEFAULT CHARSET=utf8mb4 COLLATE=utf8mb4_general_ci;

--
-- Dumping data for table `tec_detail_travel_document`
--

INSERT INTO `tec_detail_travel_document` (`id`, `travel_document_id`, `awb`, `created_at`) VALUES
(1, 1, 'oiwer-9234h', '2022-11-14 13:07:47'),
(2, 2, '0213382200067317', '0000-00-00 00:00:00'),
(3, 2, '0213382200067325', '0000-00-00 00:00:00'),
(4, 3, '2534902200946869', '0000-00-00 00:00:00'),
(5, 4, '2534902200946778', '0000-00-00 00:00:00'),
(6, 4, '2534902200946869', '0000-00-00 00:00:00'),
(7, 4, '2534902200947156', '0000-00-00 00:00:00'),
(8, 4, '2534902200947164', '0000-00-00 00:00:00'),
(9, 5, '2534902200946653', '0000-00-00 00:00:00'),
(10, 6, '2534902200947156', '0000-00-00 00:00:00'),
(11, 6, '2534902200947172', '0000-00-00 00:00:00'),
(12, 6, '2534902200947198', '0000-00-00 00:00:00'),
(13, 7, '4727892200002164', '0000-00-00 00:00:00'),
(14, 8, '0930842200003697', '0000-00-00 00:00:00'),
(15, 8, '0930842200003275', '0000-00-00 00:00:00'),
(16, 8, '0930842200003374', '0000-00-00 00:00:00'),
(17, 8, '0930842200003192', '0000-00-00 00:00:00'),
(18, 8, '0930842200003747', '0000-00-00 00:00:00'),
(19, 8, '0930842200003531', '0000-00-00 00:00:00'),
(20, 8, '0930842200003101', '0000-00-00 00:00:00'),
(21, 8, '0930842200002970', '0000-00-00 00:00:00'),
(22, 8, '0930842200002871', '0000-00-00 00:00:00'),
(23, 8, '0930842200002889', '0000-00-00 00:00:00'),
(24, 9, '0930842200003853', '0000-00-00 00:00:00'),
(25, 9, '0930842200003499', '0000-00-00 00:00:00'),
(26, 9, '0930842200003069', '0000-00-00 00:00:00'),
(27, 9, '0930842200003093', '0000-00-00 00:00:00'),
(28, 9, '0930842200003150', '0000-00-00 00:00:00'),
(29, 9, '0930842200003218', '0000-00-00 00:00:00'),
(30, 9, '0930842200003309', '0000-00-00 00:00:00'),
(31, 9, '0930842200003721', '0000-00-00 00:00:00'),
(32, 9, '0930842200003184', '0000-00-00 00:00:00'),
(33, 9, '0930842200003226', '0000-00-00 00:00:00'),
(34, 9, '0930842200003705', '0000-00-00 00:00:00'),
(35, 9, '0930842200003242', '0000-00-00 00:00:00'),
(36, 9, '0930842200003283', '0000-00-00 00:00:00'),
(37, 9, '0930842200003408', '0000-00-00 00:00:00'),
(38, 9, '0930842200003622', '0000-00-00 00:00:00'),
(39, 9, '0930842200003804', '0000-00-00 00:00:00'),
(40, 9, '0930842200003564', '0000-00-00 00:00:00'),
(41, 9, '0930842200003259', '0000-00-00 00:00:00'),
(42, 9, '0930842200003630', '0000-00-00 00:00:00'),
(43, 9, '0930842200003432', '0000-00-00 00:00:00'),
(44, 9, '0930842200003473', '0000-00-00 00:00:00'),
(45, 9, '0930842200003168', '0000-00-00 00:00:00'),
(46, 9, '0930842200003119', '0000-00-00 00:00:00'),
(47, 9, '0930842200003861', '0000-00-00 00:00:00'),
(48, 9, '0930842200003697', '0000-00-00 00:00:00'),
(49, 9, '0930842200003267', '0000-00-00 00:00:00'),
(50, 9, '0930842200003275', '0000-00-00 00:00:00'),
(51, 9, '0930842200003523', '0000-00-00 00:00:00'),
(52, 9, '0930842200003374', '0000-00-00 00:00:00'),
(53, 9, '0930842200003085', '0000-00-00 00:00:00'),
(54, 9, '0930842200003341', '0000-00-00 00:00:00'),
(55, 9, '0930842200003382', '0000-00-00 00:00:00'),
(56, 9, '0930842200003200', '0000-00-00 00:00:00'),
(57, 9, '0930842200003317', '0000-00-00 00:00:00'),
(58, 9, '0930842200003143', '0000-00-00 00:00:00'),
(59, 9, '0930842200003739', '0000-00-00 00:00:00'),
(60, 9, '0930842200003507', '0000-00-00 00:00:00'),
(61, 9, '0930842200003416', '0000-00-00 00:00:00'),
(62, 9, '0930842200003192', '0000-00-00 00:00:00'),
(63, 9, '0930842200003747', '0000-00-00 00:00:00'),
(64, 9, '0930842200003325', '0000-00-00 00:00:00'),
(65, 9, '0930842200003655', '0000-00-00 00:00:00'),
(66, 9, '0930842200003176', '0000-00-00 00:00:00'),
(67, 9, '0930842200003531', '0000-00-00 00:00:00'),
(68, 9, '0930842200003812', '0000-00-00 00:00:00'),
(69, 9, '0930842200003580', '0000-00-00 00:00:00'),
(70, 9, '0930842200003036', '0000-00-00 00:00:00'),
(71, 9, '0930842200003028', '0000-00-00 00:00:00'),
(72, 9, '0930842200003796', '0000-00-00 00:00:00'),
(73, 9, '0930842200003101', '0000-00-00 00:00:00'),
(74, 9, '0930842200003788', '0000-00-00 00:00:00'),
(75, 9, '0930842200003077', '0000-00-00 00:00:00'),
(76, 9, '0930842200002822', '0000-00-00 00:00:00'),
(77, 9, '0930842200002863', '0000-00-00 00:00:00'),
(78, 9, '0930842200002814', '0000-00-00 00:00:00'),
(79, 9, '0930842200002897', '0000-00-00 00:00:00'),
(80, 9, '0930842200002954', '0000-00-00 00:00:00'),
(81, 9, '0930842200002970', '0000-00-00 00:00:00'),
(82, 9, '0930842200002848', '0000-00-00 00:00:00'),
(83, 9, '0930842200002905', '0000-00-00 00:00:00'),
(84, 9, '0930842200002962', '0000-00-00 00:00:00'),
(85, 9, '0930842200002855', '0000-00-00 00:00:00'),
(86, 9, '0930842200002871', '0000-00-00 00:00:00'),
(87, 9, '0930842200002830', '0000-00-00 00:00:00'),
(88, 9, '0930842200002921', '0000-00-00 00:00:00'),
(89, 9, '0930842200002988', '0000-00-00 00:00:00'),
(90, 9, '0930842200002947', '0000-00-00 00:00:00'),
(91, 9, '0930842200002939', '0000-00-00 00:00:00'),
(92, 9, '0930842200002889', '0000-00-00 00:00:00'),
(93, 9, '0930842200002913', '0000-00-00 00:00:00'),
(94, 10, '4727892200002610', '0000-00-00 00:00:00'),
(95, 10, '4727892200001752', '0000-00-00 00:00:00'),
(96, 10, '4727892200001638', '0000-00-00 00:00:00'),
(97, 10, '4727892200002271', '0000-00-00 00:00:00'),
(98, 10, '4727892200002595', '0000-00-00 00:00:00'),
(99, 10, '4727892200002693', '0000-00-00 00:00:00'),
(100, 10, '4727892200002115', '0000-00-00 00:00:00'),
(101, 10, '4727892200002396', '0000-00-00 00:00:00'),
(102, 10, '4727892200002537', '0000-00-00 00:00:00'),
(103, 10, '4727892200002305', '0000-00-00 00:00:00'),
(104, 10, '4727892200002602', '0000-00-00 00:00:00'),
(105, 10, '4727892200001968', '0000-00-00 00:00:00'),
(106, 10, '4727892200001836', '0000-00-00 00:00:00'),
(107, 10, '4727892200001877', '0000-00-00 00:00:00'),
(108, 10, '4727892200002016', '0000-00-00 00:00:00'),
(109, 10, '4727892200002347', '0000-00-00 00:00:00'),
(110, 10, '4727892200002719', '0000-00-00 00:00:00'),
(111, 10, '4727892200002230', '0000-00-00 00:00:00'),
(112, 10, '4727892200002670', '0000-00-00 00:00:00'),
(113, 10, '4727892200002354', '0000-00-00 00:00:00'),
(114, 10, '4727892200002008', '0000-00-00 00:00:00'),
(115, 10, '4727892200001711', '0000-00-00 00:00:00'),
(116, 10, '4727892200001620', '0000-00-00 00:00:00'),
(117, 10, '4727892200001828', '0000-00-00 00:00:00'),
(118, 10, '4727892200002040', '0000-00-00 00:00:00'),
(119, 10, '4727892200001760', '0000-00-00 00:00:00'),
(120, 10, '4727892200002370', '0000-00-00 00:00:00'),
(121, 10, '4727892200001885', '0000-00-00 00:00:00'),
(122, 10, '4727892200002545', '0000-00-00 00:00:00'),
(123, 10, '4727892200001745', '0000-00-00 00:00:00'),
(124, 10, '4727892200001778', '0000-00-00 00:00:00'),
(125, 10, '4727892200002058', '0000-00-00 00:00:00'),
(126, 10, '4727892200002222', '0000-00-00 00:00:00'),
(127, 10, '4727892200002552', '0000-00-00 00:00:00'),
(128, 10, '4727892200002586', '0000-00-00 00:00:00'),
(129, 10, '4727892200002032', '0000-00-00 00:00:00'),
(130, 10, '4727892200002362', '0000-00-00 00:00:00'),
(131, 10, '4727892200002123', '0000-00-00 00:00:00'),
(132, 10, '4727892200002164', '0000-00-00 00:00:00'),
(133, 10, '4727892200002289', '0000-00-00 00:00:00'),
(134, 10, '4727892200002495', '0000-00-00 00:00:00'),
(135, 10, '4727892200002420', '0000-00-00 00:00:00'),
(136, 10, '4727892200002206', '0000-00-00 00:00:00'),
(137, 10, '4727892200002313', '0000-00-00 00:00:00'),
(138, 10, '4727892200002339', '0000-00-00 00:00:00'),
(139, 10, '4727892200002578', '0000-00-00 00:00:00'),
(140, 10, '4727892200002743', '0000-00-00 00:00:00'),
(141, 10, '4727892200001646', '0000-00-00 00:00:00'),
(142, 10, '4727892200002150', '0000-00-00 00:00:00'),
(143, 10, '4727892200002651', '0000-00-00 00:00:00'),
(144, 10, '4727892200001802', '0000-00-00 00:00:00'),
(145, 10, '4727892200001992', '0000-00-00 00:00:00'),
(146, 10, '4727892200002255', '0000-00-00 00:00:00'),
(147, 10, '4727892200001695', '0000-00-00 00:00:00'),
(148, 10, '4727892200002321', '0000-00-00 00:00:00'),
(149, 10, '4727892200002750', '0000-00-00 00:00:00'),
(150, 10, '4727892200001653', '0000-00-00 00:00:00'),
(151, 10, '4727892200002065', '0000-00-00 00:00:00'),
(152, 10, '4727892200002199', '0000-00-00 00:00:00'),
(153, 10, '4727892200002701', '0000-00-00 00:00:00'),
(154, 10, '4727892200002099', '0000-00-00 00:00:00'),
(155, 10, '4727892200002453', '0000-00-00 00:00:00'),
(156, 10, '4727892200002735', '0000-00-00 00:00:00'),
(157, 10, '4727892200002447', '0000-00-00 00:00:00'),
(158, 10, '4727892200001950', '0000-00-00 00:00:00'),
(159, 10, '4727892200002024', '0000-00-00 00:00:00'),
(160, 10, '4727892200002530', '0000-00-00 00:00:00'),
(161, 10, '4727892200002156', '0000-00-00 00:00:00'),
(162, 10, '4727892200002214', '0000-00-00 00:00:00'),
(163, 10, '4727892200002479', '0000-00-00 00:00:00'),
(164, 10, '4727892200002297', '0000-00-00 00:00:00'),
(165, 10, '4727892200001810', '0000-00-00 00:00:00'),
(166, 10, '4727892200001703', '0000-00-00 00:00:00'),
(167, 10, '4727892200001943', '0000-00-00 00:00:00'),
(168, 10, '4727892200002412', '0000-00-00 00:00:00'),
(169, 10, '4727892200001893', '0000-00-00 00:00:00'),
(170, 10, '4727892200002511', '0000-00-00 00:00:00'),
(171, 10, '4727892200001851', '0000-00-00 00:00:00'),
(172, 10, '4727892200002082', '0000-00-00 00:00:00'),
(173, 10, '4727892200002503', '0000-00-00 00:00:00'),
(174, 10, '4727892200001688', '0000-00-00 00:00:00'),
(175, 10, '4727892200001729', '0000-00-00 00:00:00'),
(176, 10, '4727892200001794', '0000-00-00 00:00:00'),
(177, 10, '4727892200001869', '0000-00-00 00:00:00'),
(178, 10, '4727892200001901', '0000-00-00 00:00:00'),
(179, 10, '4727892200001935', '0000-00-00 00:00:00'),
(180, 10, '4727892200002107', '0000-00-00 00:00:00'),
(181, 10, '4727892200002131', '0000-00-00 00:00:00'),
(182, 10, '4727892200002172', '0000-00-00 00:00:00'),
(183, 10, '4727892200002180', '0000-00-00 00:00:00'),
(184, 10, '4727892200001737', '0000-00-00 00:00:00'),
(185, 10, '4727892200002248', '0000-00-00 00:00:00'),
(186, 10, '4727892200001844', '0000-00-00 00:00:00'),
(187, 10, '4727892200001679', '0000-00-00 00:00:00'),
(188, 10, '4727892200001927', '0000-00-00 00:00:00'),
(189, 10, '4727892200001661', '0000-00-00 00:00:00'),
(190, 10, '4727892200001786', '0000-00-00 00:00:00'),
(191, 10, '4727892200001919', '0000-00-00 00:00:00'),
(192, 10, '4727892200001977', '0000-00-00 00:00:00'),
(193, 10, '4727892200001984', '0000-00-00 00:00:00'),
(194, 10, '4727892200002073', '0000-00-00 00:00:00'),
(195, 10, '4727892200002264', '0000-00-00 00:00:00'),
(196, 10, '4727892200002388', '0000-00-00 00:00:00'),
(197, 10, '4727892200002404', '0000-00-00 00:00:00'),
(198, 10, '4727892200002438', '0000-00-00 00:00:00'),
(199, 10, '4727892200002487', '0000-00-00 00:00:00'),
(200, 10, '4727892200002461', '0000-00-00 00:00:00'),
(201, 10, '4727892200002560', '0000-00-00 00:00:00'),
(202, 10, '4727892200002629', '0000-00-00 00:00:00'),
(203, 10, '4727892200002644', '0000-00-00 00:00:00'),
(204, 10, '4727892200002637', '0000-00-00 00:00:00'),
(205, 10, '4727892200002677', '0000-00-00 00:00:00'),
(206, 10, '4727892200002685', '0000-00-00 00:00:00'),
(207, 10, '4727892200002727', '0000-00-00 00:00:00'),
(208, 10, '4727892200002769', '0000-00-00 00:00:00'),
(209, 10, '4727892200001281', '0000-00-00 00:00:00'),
(210, 10, '4727892200001406', '0000-00-00 00:00:00'),
(211, 10, '4727892200001562', '0000-00-00 00:00:00'),
(212, 10, '4727892200001380', '0000-00-00 00:00:00'),
(213, 10, '4727892200001554', '0000-00-00 00:00:00'),
(214, 10, '4727892200001422', '0000-00-00 00:00:00'),
(215, 10, '4727892200001463', '0000-00-00 00:00:00'),
(216, 10, '4727892200001323', '0000-00-00 00:00:00'),
(217, 10, '4727892200001430', '0000-00-00 00:00:00'),
(218, 10, '4727892200001497', '0000-00-00 00:00:00'),
(219, 10, '4727892200001455', '0000-00-00 00:00:00'),
(220, 10, '4727892200001513', '0000-00-00 00:00:00'),
(221, 10, '4727892200001414', '0000-00-00 00:00:00'),
(222, 10, '4727892200001471', '0000-00-00 00:00:00'),
(223, 10, '4727892200001539', '0000-00-00 00:00:00'),
(224, 10, '4727892200001489', '0000-00-00 00:00:00'),
(225, 10, '4727892200001604', '0000-00-00 00:00:00'),
(226, 10, '4727892200001349', '0000-00-00 00:00:00'),
(227, 10, '4727892200001521', '0000-00-00 00:00:00'),
(228, 10, '4727892200001612', '0000-00-00 00:00:00'),
(229, 10, '4727892200001364', '0000-00-00 00:00:00'),
(230, 10, '4727892200001299', '0000-00-00 00:00:00'),
(231, 10, '4727892200001356', '0000-00-00 00:00:00'),
(232, 10, '4727892200001307', '0000-00-00 00:00:00'),
(233, 10, '4727892200001505', '0000-00-00 00:00:00'),
(234, 10, '4727892200001570', '0000-00-00 00:00:00'),
(235, 10, '4727892200001588', '0000-00-00 00:00:00'),
(236, 10, '4727892200001398', '0000-00-00 00:00:00'),
(237, 10, '4727892200001547', '0000-00-00 00:00:00'),
(238, 10, '4727892200001273', '0000-00-00 00:00:00'),
(239, 10, '4727892200001315', '0000-00-00 00:00:00'),
(240, 10, '4727892200001331', '0000-00-00 00:00:00'),
(241, 10, '4727892200001596', '0000-00-00 00:00:00'),
(242, 10, '4727892200001372', '0000-00-00 00:00:00'),
(243, 10, '4727892200001448', '0000-00-00 00:00:00'),
(244, 12, '0930842200003846', '0000-00-00 00:00:00'),
(245, 12, '0930842200003598', '0000-00-00 00:00:00'),
(246, 12, '0930842200003614', '0000-00-00 00:00:00'),
(247, 12, '0930842200003713', '0000-00-00 00:00:00'),
(248, 12, '0930842200003671', '0000-00-00 00:00:00'),
(249, 12, '0930842200003358', '0000-00-00 00:00:00'),
(250, 12, '0930842200003390', '0000-00-00 00:00:00'),
(251, 12, '0930842200003424', '0000-00-00 00:00:00'),
(252, 12, '0930842200003515', '0000-00-00 00:00:00'),
(253, 12, '0930842200003440', '0000-00-00 00:00:00'),
(254, 12, '0930842200003754', '0000-00-00 00:00:00'),
(255, 12, '0930842200003762', '0000-00-00 00:00:00'),
(256, 12, '0930842200003820', '0000-00-00 00:00:00'),
(257, 12, '0930842200003879', '0000-00-00 00:00:00'),
(258, 12, '0930842200003465', '0000-00-00 00:00:00'),
(259, 12, '0930842200003606', '0000-00-00 00:00:00'),
(260, 12, '0930842200003572', '0000-00-00 00:00:00'),
(261, 12, '0930842200003549', '0000-00-00 00:00:00'),
(262, 12, '0930842200003770', '0000-00-00 00:00:00'),
(263, 12, '0930842200003291', '0000-00-00 00:00:00'),
(264, 12, '0930842200003457', '0000-00-00 00:00:00'),
(265, 12, '0930842200003366', '0000-00-00 00:00:00'),
(266, 12, '0930842200003648', '0000-00-00 00:00:00'),
(267, 12, '0930842200003051', '0000-00-00 00:00:00'),
(268, 12, '0930842200003481', '0000-00-00 00:00:00'),
(269, 12, '0930842200003838', '0000-00-00 00:00:00'),
(270, 12, '0930842200003127', '0000-00-00 00:00:00'),
(271, 12, '0930842200003234', '0000-00-00 00:00:00'),
(272, 12, '0930842200003333', '0000-00-00 00:00:00'),
(273, 12, '0930842200003044', '0000-00-00 00:00:00'),
(274, 12, '0930842200002996', '0000-00-00 00:00:00'),
(275, 12, '0930842200003010', '0000-00-00 00:00:00'),
(276, 12, '0930842200003002', '0000-00-00 00:00:00'),
(277, 12, '0930842200003556', '0000-00-00 00:00:00'),
(278, 12, '0930842200003663', '0000-00-00 00:00:00'),
(279, 12, '0930842200003135', '0000-00-00 00:00:00'),
(280, 12, '0930842200003689', '0000-00-00 00:00:00'),
(281, 14, '0434532200009262', '0000-00-00 00:00:00'),
(282, 14, '0434532200009296', '0000-00-00 00:00:00'),
(283, 14, '0434532200009536', '0000-00-00 00:00:00'),
(284, 14, '0434532200009718', '0000-00-00 00:00:00'),
(285, 14, '0434532200009726', '0000-00-00 00:00:00'),
(286, 14, '0434532200009239', '0000-00-00 00:00:00'),
(287, 14, '0434532200010021', '0000-00-00 00:00:00'),
(288, 14, '0434532200009452', '0000-00-00 00:00:00'),
(289, 14, '0434532200009155', '0000-00-00 00:00:00'),
(290, 14, '0434532200009593', '0000-00-00 00:00:00'),
(291, 14, '0434532200009320', '0000-00-00 00:00:00'),
(292, 14, '0434532200009841', '0000-00-00 00:00:00'),
(293, 14, '0434532200010054', '0000-00-00 00:00:00'),
(294, 14, '0434532200009031', '0000-00-00 00:00:00'),
(295, 14, '0434532200009056', '0000-00-00 00:00:00'),
(296, 14, '0434532200009973', '0000-00-00 00:00:00'),
(297, 14, '0434532200009346', '0000-00-00 00:00:00'),
(298, 14, '0434532200009130', '0000-00-00 00:00:00'),
(299, 14, '0434532200009643', '0000-00-00 00:00:00'),
(300, 14, '0434532200010005', '0000-00-00 00:00:00'),
(301, 14, '0434532200008991', '0000-00-00 00:00:00'),
(302, 14, '0434532200009833', '0000-00-00 00:00:00'),
(303, 14, '0434532200009494', '0000-00-00 00:00:00'),
(304, 14, '0434532200009767', '0000-00-00 00:00:00'),
(305, 14, '0434532200009460', '0000-00-00 00:00:00'),
(306, 14, '0434532200009122', '0000-00-00 00:00:00'),
(307, 14, '0434532200009171', '0000-00-00 00:00:00'),
(308, 14, '0434532200009783', '0000-00-00 00:00:00'),
(309, 14, '0434532200009775', '0000-00-00 00:00:00'),
(310, 14, '0434532200009908', '0000-00-00 00:00:00'),
(311, 14, '0434532200009890', '0000-00-00 00:00:00'),
(312, 14, '0434532200009080', '0000-00-00 00:00:00'),
(313, 14, '0434532200010039', '0000-00-00 00:00:00'),
(314, 14, '0434532200009585', '0000-00-00 00:00:00'),
(315, 14, '0434532200009882', '0000-00-00 00:00:00'),
(316, 14, '0434532200009825', '0000-00-00 00:00:00'),
(317, 14, '0434532200009981', '0000-00-00 00:00:00'),
(318, 14, '0434532200009189', '0000-00-00 00:00:00'),
(319, 14, '0434532200009429', '0000-00-00 00:00:00'),
(320, 14, '0434532200009221', '0000-00-00 00:00:00'),
(321, 14, '0434532200009510', '0000-00-00 00:00:00'),
(322, 14, '0434532200008967', '0000-00-00 00:00:00'),
(323, 14, '0434532200008975', '0000-00-00 00:00:00'),
(324, 14, '0434532200008983', '0000-00-00 00:00:00'),
(325, 14, '0434532200009064', '0000-00-00 00:00:00'),
(326, 14, '0434532200009049', '0000-00-00 00:00:00'),
(327, 14, '0434532200009205', '0000-00-00 00:00:00'),
(328, 14, '0434532200009072', '0000-00-00 00:00:00'),
(329, 14, '0434532200009098', '0000-00-00 00:00:00'),
(330, 14, '0434532200009106', '0000-00-00 00:00:00'),
(331, 14, '0434532200009817', '0000-00-00 00:00:00'),
(332, 14, '0434532200009858', '0000-00-00 00:00:00'),
(333, 14, '0434532200009197', '0000-00-00 00:00:00'),
(334, 14, '0434532200009213', '0000-00-00 00:00:00'),
(335, 14, '0434532200009254', '0000-00-00 00:00:00'),
(336, 14, '0434532200009270', '0000-00-00 00:00:00'),
(337, 14, '0434532200009916', '0000-00-00 00:00:00'),
(338, 14, '0434532200009007', '0000-00-00 00:00:00'),
(339, 14, '0434532200009015', '0000-00-00 00:00:00'),
(340, 14, '0434532200009023', '0000-00-00 00:00:00'),
(341, 14, '434532200009117', '0000-00-00 00:00:00'),
(342, 14, '434532200009164', '0000-00-00 00:00:00'),
(343, 14, '0434532200009304', '0000-00-00 00:00:00'),
(344, 14, '0434532200009148', '0000-00-00 00:00:00'),
(345, 14, '0434532200009247', '0000-00-00 00:00:00'),
(346, 14, '0434532200009288', '0000-00-00 00:00:00'),
(347, 14, '0434532200009312', '0000-00-00 00:00:00'),
(348, 14, '0434532200009353', '0000-00-00 00:00:00'),
(349, 14, '0434532200009379', '0000-00-00 00:00:00'),
(350, 14, '0434532200009387', '0000-00-00 00:00:00'),
(351, 14, '0434532200009395', '0000-00-00 00:00:00'),
(352, 14, '0434532200009874', '0000-00-00 00:00:00'),
(353, 14, '0434532200009361', '0000-00-00 00:00:00'),
(354, 14, '0434532200009411', '0000-00-00 00:00:00'),
(355, 14, '0434532200009403', '0000-00-00 00:00:00'),
(356, 14, '0434532200009437', '0000-00-00 00:00:00'),
(357, 14, '0434532200009445', '0000-00-00 00:00:00'),
(358, 14, '0434532200009478', '0000-00-00 00:00:00'),
(359, 14, '0434532200009486', '0000-00-00 00:00:00'),
(360, 14, '0434532200009502', '0000-00-00 00:00:00'),
(361, 14, '0434532200009528', '0000-00-00 00:00:00'),
(362, 14, '0434532200009551', '0000-00-00 00:00:00'),
(363, 14, '0434532200009601', '0000-00-00 00:00:00'),
(364, 14, '0434532200009635', '0000-00-00 00:00:00'),
(365, 14, '0434532200009619', '0000-00-00 00:00:00'),
(366, 14, '0434532200009627', '0000-00-00 00:00:00'),
(367, 14, '0434532200009668', '0000-00-00 00:00:00'),
(368, 14, '0434532200009544', '0000-00-00 00:00:00'),
(369, 14, '0434532200009569', '0000-00-00 00:00:00'),
(370, 14, '0434532200009577', '0000-00-00 00:00:00'),
(371, 14, '0434532200009650', '0000-00-00 00:00:00'),
(372, 14, '0434532200009676', '0000-00-00 00:00:00'),
(373, 14, '0434532200009684', '0000-00-00 00:00:00'),
(374, 14, '0434532200009734', '0000-00-00 00:00:00'),
(375, 14, '0434532200009692', '0000-00-00 00:00:00'),
(376, 14, '0434532200009700', '0000-00-00 00:00:00'),
(377, 14, '0434532200009742', '0000-00-00 00:00:00'),
(378, 14, '0434532200009759', '0000-00-00 00:00:00'),
(379, 14, '0434532200010047', '0000-00-00 00:00:00'),
(380, 14, '0434532200009791', '0000-00-00 00:00:00'),
(381, 14, '0434532200009809', '0000-00-00 00:00:00'),
(382, 14, '0434532200009866', '0000-00-00 00:00:00'),
(383, 14, '0434532200009957', '0000-00-00 00:00:00'),
(384, 14, '0434532200009338', '0000-00-00 00:00:00'),
(385, 14, '0434532200009999', '0000-00-00 00:00:00'),
(386, 14, '0434532200010013', '0000-00-00 00:00:00'),
(387, 14, '0434532200009924', '0000-00-00 00:00:00'),
(388, 14, '0434532200009932', '0000-00-00 00:00:00'),
(389, 14, '0434532200009940', '0000-00-00 00:00:00'),
(390, 14, '0434532200009965', '0000-00-00 00:00:00'),
(391, 14, '0434532200010062', '0000-00-00 00:00:00'),
(392, 14, '0434532200010138', '0000-00-00 00:00:00'),
(393, 14, '0434532200010088', '0000-00-00 00:00:00'),
(394, 14, '0434532200010203', '0000-00-00 00:00:00'),
(395, 14, '0434532200010070', '0000-00-00 00:00:00'),
(396, 14, '0434532200010195', '0000-00-00 00:00:00'),
(397, 14, '0434532200010146', '0000-00-00 00:00:00'),
(398, 14, '0434532200010294', '0000-00-00 00:00:00'),
(399, 14, '0434532200010260', '0000-00-00 00:00:00'),
(400, 14, '0434532200010237', '0000-00-00 00:00:00'),
(401, 14, '0434532200010302', '0000-00-00 00:00:00'),
(402, 14, '0434532200010104', '0000-00-00 00:00:00'),
(403, 14, '0434532200010344', '0000-00-00 00:00:00'),
(404, 14, '0434532200010112', '0000-00-00 00:00:00'),
(405, 14, '0434532200010286', '0000-00-00 00:00:00'),
(406, 14, '0434532200010252', '0000-00-00 00:00:00'),
(407, 14, '0434532200010278', '0000-00-00 00:00:00'),
(408, 14, '0434532200010369', '0000-00-00 00:00:00'),
(409, 14, '0434532200010351', '0000-00-00 00:00:00'),
(410, 14, '0434532200010187', '0000-00-00 00:00:00'),
(411, 14, '0434532200010385', '0000-00-00 00:00:00'),
(412, 14, '0434532200010161', '0000-00-00 00:00:00'),
(413, 14, '0434532200010328', '0000-00-00 00:00:00'),
(414, 14, '0434532200010310', '0000-00-00 00:00:00'),
(415, 14, '0434532200010377', '0000-00-00 00:00:00'),
(416, 14, '0434532200010096', '0000-00-00 00:00:00'),
(417, 14, '0434532200010120', '0000-00-00 00:00:00'),
(418, 14, '0434532200010211', '0000-00-00 00:00:00'),
(419, 14, '0434532200010245', '0000-00-00 00:00:00'),
(420, 14, '0434532200010336', '0000-00-00 00:00:00'),
(421, 14, '0434532200010179', '0000-00-00 00:00:00'),
(422, 14, '0434532200010153', '0000-00-00 00:00:00'),
(423, 14, '0434532200010229', '0000-00-00 00:00:00'),
(424, 15, '4727962200001787', '0000-00-00 00:00:00'),
(425, 15, '4727892200002818', '0000-00-00 00:00:00'),
(426, 15, '4727892200002859', '0000-00-00 00:00:00'),
(427, 15, '4727892200002826', '0000-00-00 00:00:00'),
(428, 15, '4727892200002842', '0000-00-00 00:00:00'),
(429, 15, '4727892200002883', '0000-00-00 00:00:00'),
(430, 15, '4727892200002875', '0000-00-00 00:00:00'),
(431, 15, '4727892200002800', '0000-00-00 00:00:00'),
(432, 15, '4727892200002909', '0000-00-00 00:00:00'),
(433, 15, '4727892200002891', '0000-00-00 00:00:00'),
(434, 15, '4727892200002834', '0000-00-00 00:00:00'),
(435, 15, '4727892200002867', '0000-00-00 00:00:00'),
(436, 15, '4727892200002917', '0000-00-00 00:00:00'),
(437, 15, '4727892200002925', '0000-00-00 00:00:00'),
(438, 15, '4727892200002933', '0000-00-00 00:00:00'),
(439, 15, '4727892200002941', '0000-00-00 00:00:00'),
(440, 15, '4727892200003030', '0000-00-00 00:00:00'),
(441, 15, '4727892200003279', '0000-00-00 00:00:00'),
(442, 15, '4727892200002974', '0000-00-00 00:00:00'),
(443, 15, '4727892200003097', '0000-00-00 00:00:00'),
(444, 15, '4727892200003188', '0000-00-00 00:00:00'),
(445, 15, '4727892200003006', '0000-00-00 00:00:00'),
(446, 15, '4727892200003154', '0000-00-00 00:00:00'),
(447, 15, '4727892200003048', '0000-00-00 00:00:00'),
(448, 15, '4727892200003105', '0000-00-00 00:00:00'),
(449, 15, '4727892200003063', '0000-00-00 00:00:00'),
(450, 15, '4727892200003071', '0000-00-00 00:00:00'),
(451, 15, '4727892200003113', '0000-00-00 00:00:00'),
(452, 15, '4727892200003121', '0000-00-00 00:00:00'),
(453, 15, '4727892200003147', '0000-00-00 00:00:00'),
(454, 15, '4727892200003162', '0000-00-00 00:00:00'),
(455, 15, '4727892200003170', '0000-00-00 00:00:00'),
(456, 15, '4727892200003196', '0000-00-00 00:00:00'),
(457, 15, '4727892200003204', '0000-00-00 00:00:00'),
(458, 15, '4727892200003220', '0000-00-00 00:00:00'),
(459, 15, '4727892200003238', '0000-00-00 00:00:00'),
(460, 15, '4727892200003246', '0000-00-00 00:00:00'),
(461, 15, '4727892200003261', '0000-00-00 00:00:00'),
(462, 15, '4727892200003287', '0000-00-00 00:00:00'),
(463, 15, '4727892200003402', '0000-00-00 00:00:00'),
(464, 15, '4727892200003303', '0000-00-00 00:00:00'),
(465, 15, '4727892200003311', '0000-00-00 00:00:00'),
(466, 15, '4727892200003337', '0000-00-00 00:00:00'),
(467, 15, '4727892200003329', '0000-00-00 00:00:00'),
(468, 15, '4727892200003345', '0000-00-00 00:00:00'),
(469, 15, '4727892200003378', '0000-00-00 00:00:00'),
(470, 15, '4727892200003428', '0000-00-00 00:00:00'),
(471, 15, '4727892200003444', '0000-00-00 00:00:00'),
(472, 15, '4727892200003451', '0000-00-00 00:00:00'),
(473, 15, '4727892200003469', '0000-00-00 00:00:00'),
(474, 15, '4727892200003485', '0000-00-00 00:00:00'),
(475, 15, '4727892200003212', '0000-00-00 00:00:00'),
(476, 15, '4727892200003477', '0000-00-00 00:00:00'),
(477, 15, '4727892200002966', '0000-00-00 00:00:00'),
(478, 15, '4727892200002982', '0000-00-00 00:00:00'),
(479, 15, '4727892200002990', '0000-00-00 00:00:00'),
(480, 15, '4727892200003055', '0000-00-00 00:00:00'),
(481, 15, '4727892200003139', '0000-00-00 00:00:00'),
(482, 15, '4727892200003022', '0000-00-00 00:00:00'),
(483, 15, '4727892200003394', '0000-00-00 00:00:00'),
(484, 15, '4727892200003253', '0000-00-00 00:00:00'),
(485, 15, '4727892200003295', '0000-00-00 00:00:00'),
(486, 15, '4727892200003360', '0000-00-00 00:00:00'),
(487, 15, '4727892200003436', '0000-00-00 00:00:00'),
(488, 15, '4727892200003352', '0000-00-00 00:00:00'),
(489, 15, '4727892200003386', '0000-00-00 00:00:00'),
(490, 15, '4727892200003410', '0000-00-00 00:00:00'),
(491, 16, '0930912200001650', '0000-00-00 00:00:00'),
(492, 16, '0930842200003903', '0000-00-00 00:00:00'),
(493, 16, '0930842200003895', '0000-00-00 00:00:00'),
(494, 16, '0930842200003945', '0000-00-00 00:00:00'),
(495, 16, '0930842200003929', '0000-00-00 00:00:00'),
(496, 16, '0930842200003937', '0000-00-00 00:00:00'),
(497, 16, '0930842200003911', '0000-00-00 00:00:00'),
(498, 16, '0930842200004323', '0000-00-00 00:00:00'),
(499, 16, '0930842200004331', '0000-00-00 00:00:00'),
(500, 16, '0930842200004489', '0000-00-00 00:00:00'),
(501, 16, '0930842200004406', '0000-00-00 00:00:00'),
(502, 16, '0930842200003994', '0000-00-00 00:00:00'),
(503, 16, '0930842200004356', '0000-00-00 00:00:00'),
(504, 16, '0930842200004042', '0000-00-00 00:00:00'),
(505, 16, '0930842200004141', '0000-00-00 00:00:00'),
(506, 16, '0930842200003960', '0000-00-00 00:00:00'),
(507, 16, '0930842200004430', '0000-00-00 00:00:00'),
(508, 16, '0930842200003978', '0000-00-00 00:00:00'),
(509, 16, '0930842200004000', '0000-00-00 00:00:00'),
(510, 16, '0930842200004448', '0000-00-00 00:00:00'),
(511, 16, '0930842200004315', '0000-00-00 00:00:00'),
(512, 16, '0930842200004034', '0000-00-00 00:00:00'),
(513, 16, '0930842200004109', '0000-00-00 00:00:00'),
(514, 16, '0930842200004026', '0000-00-00 00:00:00'),
(515, 16, '0930842200004059', '0000-00-00 00:00:00'),
(516, 16, '0930842200004075', '0000-00-00 00:00:00'),
(517, 16, '0930842200004133', '0000-00-00 00:00:00'),
(518, 16, '0930842200004166', '0000-00-00 00:00:00'),
(519, 16, '0930842200004174', '0000-00-00 00:00:00'),
(520, 16, '0930842200004182', '0000-00-00 00:00:00'),
(521, 16, '0930842200004224', '0000-00-00 00:00:00'),
(522, 16, '0930842200004232', '0000-00-00 00:00:00'),
(523, 16, '0930842200004273', '0000-00-00 00:00:00'),
(524, 16, '0930842200004307', '0000-00-00 00:00:00'),
(525, 16, '0930842200004299', '0000-00-00 00:00:00'),
(526, 16, '0930842200004349', '0000-00-00 00:00:00'),
(527, 16, '0930842200004398', '0000-00-00 00:00:00'),
(528, 16, '0930842200004380', '0000-00-00 00:00:00'),
(529, 16, '0930842200004414', '0000-00-00 00:00:00'),
(530, 16, '0930842200004463', '0000-00-00 00:00:00'),
(531, 16, '0930842200004471', '0000-00-00 00:00:00'),
(532, 16, '0930842200004497', '0000-00-00 00:00:00'),
(533, 16, '0930842200003986', '0000-00-00 00:00:00'),
(534, 16, '0930842200004018', '0000-00-00 00:00:00'),
(535, 16, '0930842200004067', '0000-00-00 00:00:00'),
(536, 16, '0930842200004091', '0000-00-00 00:00:00'),
(537, 16, '0930842200004083', '0000-00-00 00:00:00'),
(538, 16, '0930842200004117', '0000-00-00 00:00:00'),
(539, 16, '0930842200004125', '0000-00-00 00:00:00'),
(540, 16, '0930842200004158', '0000-00-00 00:00:00'),
(541, 16, '0930842200004190', '0000-00-00 00:00:00'),
(542, 16, '0930842200004257', '0000-00-00 00:00:00'),
(543, 16, '0930842200004216', '0000-00-00 00:00:00'),
(544, 16, '0930842200004208', '0000-00-00 00:00:00'),
(545, 16, '0930842200004240', '0000-00-00 00:00:00'),
(546, 16, '0930842200004281', '0000-00-00 00:00:00'),
(547, 16, '0930842200004372', '0000-00-00 00:00:00'),
(548, 16, '0930842200004364', '0000-00-00 00:00:00'),
(549, 16, '0930842200004455', '0000-00-00 00:00:00'),
(550, 17, '4727892200003014', '0000-00-00 00:00:00'),
(551, 17, '4727892200002958', '0000-00-00 00:00:00'),
(552, 17, '4727892200003089', '0000-00-00 00:00:00'),
(553, 18, '0434532200010518', '0000-00-00 00:00:00'),
(554, 18, '0434532200010500', '0000-00-00 00:00:00'),
(555, 18, '0434532200010542', '0000-00-00 00:00:00'),
(556, 18, '0434532200010567', '0000-00-00 00:00:00'),
(557, 18, '0434532200010591', '0000-00-00 00:00:00'),
(558, 18, '0434532200010609', '0000-00-00 00:00:00'),
(559, 18, '0434532200010625', '0000-00-00 00:00:00'),
(560, 18, '0434532200010617', '0000-00-00 00:00:00'),
(561, 18, '0434532200010534', '0000-00-00 00:00:00'),
(562, 18, '0434532200010484', '0000-00-00 00:00:00'),
(563, 18, '0434532200010559', '0000-00-00 00:00:00'),
(564, 18, '0434532200010575', '0000-00-00 00:00:00'),
(565, 18, '0434532200010526', '0000-00-00 00:00:00'),
(566, 18, '0434532200010583', '0000-00-00 00:00:00'),
(567, 18, '0434532200010492', '0000-00-00 00:00:00'),
(568, 18, '0434532200010476', '0000-00-00 00:00:00'),
(569, 18, '0434532200010633', '0000-00-00 00:00:00'),
(570, 18, '0434532200010898', '0000-00-00 00:00:00'),
(571, 18, '0434532200011045', '0000-00-00 00:00:00'),
(572, 18, '0434532200010690', '0000-00-00 00:00:00'),
(573, 18, '0434532200010682', '0000-00-00 00:00:00'),
(574, 18, '0434532200011201', '0000-00-00 00:00:00'),
(575, 18, '0434532200011276', '0000-00-00 00:00:00'),
(576, 18, '0434532200010716', '0000-00-00 00:00:00'),
(577, 18, '0434532200010658', '0000-00-00 00:00:00'),
(578, 18, '0434532200011136', '0000-00-00 00:00:00'),
(579, 18, '0434532200011144', '0000-00-00 00:00:00'),
(580, 18, '0434532200011177', '0000-00-00 00:00:00'),
(581, 18, '0434532200011185', '0000-00-00 00:00:00'),
(582, 18, '0434532200011243', '0000-00-00 00:00:00'),
(583, 18, '0434532200010773', '0000-00-00 00:00:00'),
(584, 18, '0434532200010641', '0000-00-00 00:00:00'),
(585, 18, '0434532200010732', '0000-00-00 00:00:00'),
(586, 18, '0434532200010666', '0000-00-00 00:00:00'),
(587, 18, '0434532200010674', '0000-00-00 00:00:00'),
(588, 18, '0434532200010708', '0000-00-00 00:00:00'),
(589, 18, '0434532200010724', '0000-00-00 00:00:00'),
(590, 18, '0434532200010740', '0000-00-00 00:00:00'),
(591, 18, '0434532200010757', '0000-00-00 00:00:00'),
(592, 18, '0434532200010765', '0000-00-00 00:00:00'),
(593, 18, '0434532200010799', '0000-00-00 00:00:00'),
(594, 18, '0434532200010781', '0000-00-00 00:00:00'),
(595, 18, '0434532200010849', '0000-00-00 00:00:00'),
(596, 18, '0434532200010815', '0000-00-00 00:00:00'),
(597, 18, '0434532200010823', '0000-00-00 00:00:00'),
(598, 18, '0434532200010807', '0000-00-00 00:00:00'),
(599, 18, '0434532200010856', '0000-00-00 00:00:00'),
(600, 18, '0434532200010831', '0000-00-00 00:00:00'),
(601, 18, '0434532200010872', '0000-00-00 00:00:00'),
(602, 18, '0434532200010864', '0000-00-00 00:00:00'),
(603, 18, '0434532200010880', '0000-00-00 00:00:00'),
(604, 18, '0434532200011235', '0000-00-00 00:00:00'),
(605, 18, '0434532200010914', '0000-00-00 00:00:00'),
(606, 18, '0434532200010922', '0000-00-00 00:00:00'),
(607, 18, '0434532200010906', '0000-00-00 00:00:00'),
(608, 18, '0434532200010930', '0000-00-00 00:00:00'),
(609, 18, '0434532200010971', '0000-00-00 00:00:00'),
(610, 18, '0434532200010955', '0000-00-00 00:00:00'),
(611, 18, '0434532200010963', '0000-00-00 00:00:00'),
(612, 18, '0434532200010948', '0000-00-00 00:00:00'),
(613, 18, '0434532200010989', '0000-00-00 00:00:00'),
(614, 18, '0434532200011029', '0000-00-00 00:00:00'),
(615, 18, '0434532200010997', '0000-00-00 00:00:00'),
(616, 18, '0434532200011011', '0000-00-00 00:00:00'),
(617, 18, '0434532200011003', '0000-00-00 00:00:00'),
(618, 18, '0434532200011037', '0000-00-00 00:00:00'),
(619, 18, '0434532200011052', '0000-00-00 00:00:00'),
(620, 18, '0434532200011086', '0000-00-00 00:00:00'),
(621, 18, '0434532200011078', '0000-00-00 00:00:00'),
(622, 18, '0434532200011102', '0000-00-00 00:00:00'),
(623, 18, '0434532200011060', '0000-00-00 00:00:00'),
(624, 18, '0434532200011094', '0000-00-00 00:00:00'),
(625, 18, '0434532200011128', '0000-00-00 00:00:00'),
(626, 18, '0434532200011110', '0000-00-00 00:00:00'),
(627, 18, '0434532200011151', '0000-00-00 00:00:00'),
(628, 18, '0434532200011169', '0000-00-00 00:00:00'),
(629, 18, '0434532200011193', '0000-00-00 00:00:00'),
(630, 18, '0434532200011219', '0000-00-00 00:00:00'),
(631, 18, '0434532200011250', '0000-00-00 00:00:00'),
(632, 18, '0434532200011227', '0000-00-00 00:00:00'),
(633, 18, '0434532200011284', '0000-00-00 00:00:00'),
(634, 18, '0434532200011268', '0000-00-00 00:00:00'),
(635, 19, '0930842200003952', '0000-00-00 00:00:00'),
(636, 19, '0930842200004422', '0000-00-00 00:00:00'),
(637, 19, '0930842200004265', '0000-00-00 00:00:00'),
(638, 20, '0434532200012019', '0000-00-00 00:00:00'),
(639, 20, '0434532200011433', '0000-00-00 00:00:00'),
(640, 20, '0434532200011649', '0000-00-00 00:00:00'),
(641, 20, '0434532200011763', '0000-00-00 00:00:00'),
(642, 20, '0434532200011961', '0000-00-00 00:00:00'),
(643, 20, '0434532200011854', '0000-00-00 00:00:00'),
(644, 20, '0434532200011706', '0000-00-00 00:00:00'),
(645, 20, '0434532200011953', '0000-00-00 00:00:00'),
(646, 20, '0434532200011870', '0000-00-00 00:00:00'),
(647, 20, '0434532200011797', '0000-00-00 00:00:00'),
(648, 20, '0434532200011888', '0000-00-00 00:00:00'),
(649, 20, '0434532200011847', '0000-00-00 00:00:00'),
(650, 20, '0434532200011730', '0000-00-00 00:00:00'),
(651, 20, '0434532200011813', '0000-00-00 00:00:00'),
(652, 20, '0434602200036456', '0000-00-00 00:00:00'),
(653, 20, '0434532200011698', '0000-00-00 00:00:00'),
(654, 20, '0434532200012001', '0000-00-00 00:00:00'),
(655, 20, '0434532200011532', '0000-00-00 00:00:00'),
(656, 20, '0434532200011748', '0000-00-00 00:00:00'),
(657, 20, '0434602200036472', '0000-00-00 00:00:00'),
(658, 20, '0434532200011441', '0000-00-00 00:00:00'),
(659, 20, '0434602200036480', '0000-00-00 00:00:00'),
(660, 20, '0434532200011839', '0000-00-00 00:00:00'),
(661, 20, '0434602200036464', '0000-00-00 00:00:00'),
(662, 20, '0434532200011482', '0000-00-00 00:00:00'),
(663, 20, '0434532200011508', '0000-00-00 00:00:00'),
(664, 20, '0434532200011516', '0000-00-00 00:00:00'),
(665, 20, '0434532200011540', '0000-00-00 00:00:00'),
(666, 20, '0434532200011557', '0000-00-00 00:00:00'),
(667, 20, '0434532200011565', '0000-00-00 00:00:00'),
(668, 20, '0434532200011573', '0000-00-00 00:00:00'),
(669, 20, '0434532200011581', '0000-00-00 00:00:00'),
(670, 20, '0434532200011607', '0000-00-00 00:00:00'),
(671, 20, '0434532200011615', '0000-00-00 00:00:00'),
(672, 20, '0434532200011623', '0000-00-00 00:00:00'),
(673, 20, '0434532200011631', '0000-00-00 00:00:00'),
(674, 20, '0434532200011656', '0000-00-00 00:00:00'),
(675, 20, '0434532200011458', '0000-00-00 00:00:00'),
(676, 20, '0434532200011466', '0000-00-00 00:00:00'),
(677, 20, '0434532200011474', '0000-00-00 00:00:00'),
(678, 20, '0434532200011490', '0000-00-00 00:00:00'),
(679, 20, '0434532200011524', '0000-00-00 00:00:00'),
(680, 20, '0434532200011714', '0000-00-00 00:00:00'),
(681, 20, '0434532200011722', '0000-00-00 00:00:00'),
(682, 20, '0434532200011771', '0000-00-00 00:00:00'),
(683, 20, '0434532200011599', '0000-00-00 00:00:00'),
(684, 20, '0434532200011664', '0000-00-00 00:00:00'),
(685, 20, '0434532200011672', '0000-00-00 00:00:00'),
(686, 20, '0434532200011680', '0000-00-00 00:00:00'),
(687, 20, '0434532200011755', '0000-00-00 00:00:00'),
(688, 20, '0434532200011789', '0000-00-00 00:00:00'),
(689, 20, '0434532200011805', '0000-00-00 00:00:00'),
(690, 20, '0434532200011821', '0000-00-00 00:00:00'),
(691, 20, '0434532200011862', '0000-00-00 00:00:00'),
(692, 20, '0434532200011920', '0000-00-00 00:00:00'),
(693, 20, '0434532200011938', '0000-00-00 00:00:00'),
(694, 20, '0434532200011979', '0000-00-00 00:00:00'),
(695, 20, '0434532200011896', '0000-00-00 00:00:00'),
(696, 20, '0434532200011912', '0000-00-00 00:00:00'),
(697, 20, '0434532200011904', '0000-00-00 00:00:00'),
(698, 20, '0434532200011946', '0000-00-00 00:00:00'),
(699, 20, '0434532200011987', '0000-00-00 00:00:00'),
(700, 20, '0434532200011995', '0000-00-00 00:00:00'),
(701, 20, '0434532200011292', '0000-00-00 00:00:00'),
(702, 20, '0434532200011326', '0000-00-00 00:00:00'),
(703, 20, '0434532200011383', '0000-00-00 00:00:00'),
(704, 20, '0434532200011318', '0000-00-00 00:00:00'),
(705, 20, '0434532200011359', '0000-00-00 00:00:00'),
(706, 20, '0434532200011342', '0000-00-00 00:00:00'),
(707, 20, '0434532200011367', '0000-00-00 00:00:00'),
(708, 20, '0434532200011391', '0000-00-00 00:00:00'),
(709, 20, '0434532200011375', '0000-00-00 00:00:00'),
(710, 20, '0434532200011409', '0000-00-00 00:00:00'),
(711, 20, '0434532200011417', '0000-00-00 00:00:00'),
(712, 20, '0434532200011334', '0000-00-00 00:00:00'),
(713, 20, '0434532200011425', '0000-00-00 00:00:00'),
(714, 21, '4727892200003568', '0000-00-00 00:00:00'),
(715, 21, '4727892200003576', '0000-00-00 00:00:00'),
(716, 21, '4727892200003642', '0000-00-00 00:00:00'),
(717, 21, '4727892200003741', '0000-00-00 00:00:00'),
(718, 21, '4727892200003766', '0000-00-00 00:00:00'),
(719, 21, '4727892200003774', '0000-00-00 00:00:00'),
(720, 21, '4727892200003824', '0000-00-00 00:00:00'),
(721, 21, '4727892200003832', '0000-00-00 00:00:00'),
(722, 21, '4727892200003857', '0000-00-00 00:00:00'),
(723, 21, '4727892200003865', '0000-00-00 00:00:00'),
(724, 21, '4727892200003873', '0000-00-00 00:00:00'),
(725, 21, '4727892200003881', '0000-00-00 00:00:00'),
(726, 21, '4727892200003907', '0000-00-00 00:00:00'),
(727, 21, '4727892200003915', '0000-00-00 00:00:00'),
(728, 21, '4727892200003923', '0000-00-00 00:00:00'),
(729, 21, '4727892200003956', '0000-00-00 00:00:00'),
(730, 21, '4727892200003949', '0000-00-00 00:00:00'),
(731, 21, '4727892200003964', '0000-00-00 00:00:00'),
(732, 21, '4727892200004004', '0000-00-00 00:00:00'),
(733, 21, '4727892200004012', '0000-00-00 00:00:00'),
(734, 21, '4727892200004020', '0000-00-00 00:00:00'),
(735, 21, '4727892200004046', '0000-00-00 00:00:00'),
(736, 21, '4727892200004061', '0000-00-00 00:00:00'),
(737, 21, '4727892200004079', '0000-00-00 00:00:00'),
(738, 21, '4727892200004087', '0000-00-00 00:00:00'),
(739, 21, '4727892200004103', '0000-00-00 00:00:00'),
(740, 21, '4727892200004095', '0000-00-00 00:00:00'),
(741, 21, '4727892200004111', '0000-00-00 00:00:00'),
(742, 21, '4727892200004129', '0000-00-00 00:00:00'),
(743, 21, '4727892200004145', '0000-00-00 00:00:00'),
(744, 21, '4727892200004152', '0000-00-00 00:00:00'),
(745, 21, '4727892200004160', '0000-00-00 00:00:00'),
(746, 21, '4727892200003550', '0000-00-00 00:00:00'),
(747, 21, '4727892200003592', '0000-00-00 00:00:00'),
(748, 21, '4727892200003584', '0000-00-00 00:00:00'),
(749, 21, '4727892200003600', '0000-00-00 00:00:00'),
(750, 21, '4727892200003618', '0000-00-00 00:00:00'),
(751, 21, '4727892200003626', '0000-00-00 00:00:00'),
(752, 21, '4727892200003634', '0000-00-00 00:00:00'),
(753, 21, '4727892200003659', '0000-00-00 00:00:00'),
(754, 21, '4727892200003667', '0000-00-00 00:00:00'),
(755, 21, '4727892200003675', '0000-00-00 00:00:00'),
(756, 21, '4727892200003691', '0000-00-00 00:00:00'),
(757, 21, '4727892200003717', '0000-00-00 00:00:00'),
(758, 21, '4727892200003733', '0000-00-00 00:00:00'),
(759, 21, '4727892200003790', '0000-00-00 00:00:00'),
(760, 21, '4727892200003683', '0000-00-00 00:00:00'),
(761, 21, '4727892200003709', '0000-00-00 00:00:00'),
(762, 21, '4727892200003725', '0000-00-00 00:00:00'),
(763, 21, '4727892200003758', '0000-00-00 00:00:00'),
(764, 21, '4727892200003782', '0000-00-00 00:00:00'),
(765, 21, '4727892200003808', '0000-00-00 00:00:00'),
(766, 21, '4727892200003840', '0000-00-00 00:00:00'),
(767, 21, '4727892200003899', '0000-00-00 00:00:00'),
(768, 21, '4727892200003816', '0000-00-00 00:00:00'),
(769, 21, '4727892200003980', '0000-00-00 00:00:00'),
(770, 21, '4727892200003998', '0000-00-00 00:00:00'),
(771, 21, '4727892200003931', '0000-00-00 00:00:00'),
(772, 21, '4727892200003972', '0000-00-00 00:00:00'),
(773, 21, '4727892200004038', '0000-00-00 00:00:00'),
(774, 21, '4727892200004053', '0000-00-00 00:00:00'),
(775, 21, '4727892200004137', '0000-00-00 00:00:00'),
(776, 21, '4727962200001795', '0000-00-00 00:00:00'),
(777, 21, '4727892200004178', '0000-00-00 00:00:00'),
(778, 21, '4727892200003501', '0000-00-00 00:00:00'),
(779, 21, '4727892200003527', '0000-00-00 00:00:00'),
(780, 21, '4727892200003519', '0000-00-00 00:00:00'),
(781, 21, '4727892200003535', '0000-00-00 00:00:00'),
(782, 21, '4727892200003543', '0000-00-00 00:00:00'),
(783, 22, '0930842200004679', '0000-00-00 00:00:00'),
(784, 22, '0930842200004703', '0000-00-00 00:00:00'),
(785, 22, '0930842200004729', '0000-00-00 00:00:00'),
(786, 22, '0930842200004737', '0000-00-00 00:00:00'),
(787, 22, '0930842200004745', '0000-00-00 00:00:00'),
(788, 22, '0930842200004752', '0000-00-00 00:00:00'),
(789, 22, '0930842200004760', '0000-00-00 00:00:00'),
(790, 22, '0930842200004786', '0000-00-00 00:00:00'),
(791, 22, '0930842200004794', '0000-00-00 00:00:00'),
(792, 22, '0930842200004885', '0000-00-00 00:00:00'),
(793, 22, '0930842200004851', '0000-00-00 00:00:00'),
(794, 22, '0930842200004869', '0000-00-00 00:00:00'),
(795, 22, '0930842200004877', '0000-00-00 00:00:00'),
(796, 22, '0930842200004893', '0000-00-00 00:00:00'),
(797, 22, '0930842200004901', '0000-00-00 00:00:00'),
(798, 22, '0930842200004927', '0000-00-00 00:00:00'),
(799, 22, '0930842200004943', '0000-00-00 00:00:00'),
(800, 22, '0930842200004968', '0000-00-00 00:00:00'),
(801, 22, '0930842200004976', '0000-00-00 00:00:00'),
(802, 22, '0930842200004984', '0000-00-00 00:00:00'),
(803, 22, '0930842200004992', '0000-00-00 00:00:00'),
(804, 22, '0930842200005031', '0000-00-00 00:00:00'),
(805, 22, '0930842200005049', '0000-00-00 00:00:00'),
(806, 22, '0930842200005056', '0000-00-00 00:00:00'),
(807, 22, '0930842200005064', '0000-00-00 00:00:00'),
(808, 22, '0930842200005098', '0000-00-00 00:00:00'),
(809, 22, '0930842200005106', '0000-00-00 00:00:00'),
(810, 22, '0930842200005122', '0000-00-00 00:00:00'),
(811, 22, '0930842200005130', '0000-00-00 00:00:00'),
(812, 22, '0930842200005148', '0000-00-00 00:00:00'),
(813, 22, '0930842200005163', '0000-00-00 00:00:00'),
(814, 22, '0930842200005189', '0000-00-00 00:00:00'),
(815, 22, '0930842200005197', '0000-00-00 00:00:00'),
(816, 22, '0930842200005205', '0000-00-00 00:00:00'),
(817, 22, '0930842200005213', '0000-00-00 00:00:00'),
(818, 22, '0930842200005221', '0000-00-00 00:00:00'),
(819, 22, '0930842200005239', '0000-00-00 00:00:00'),
(820, 22, '0930842200005247', '0000-00-00 00:00:00'),
(821, 22, '0930912200001684', '0000-00-00 00:00:00'),
(822, 22, '0930842200004687', '0000-00-00 00:00:00'),
(823, 22, '0930842200004646', '0000-00-00 00:00:00'),
(824, 22, '0930842200004653', '0000-00-00 00:00:00'),
(825, 22, '0930842200004695', '0000-00-00 00:00:00'),
(826, 22, '0930842200004661', '0000-00-00 00:00:00'),
(827, 22, '0930842200004711', '0000-00-00 00:00:00'),
(828, 22, '0930842200004802', '0000-00-00 00:00:00'),
(829, 22, '0930842200004778', '0000-00-00 00:00:00'),
(830, 22, '0930842200004828', '0000-00-00 00:00:00'),
(831, 22, '0930842200004844', '0000-00-00 00:00:00'),
(832, 22, '0930842200004810', '0000-00-00 00:00:00'),
(833, 22, '0930842200004836', '0000-00-00 00:00:00'),
(834, 22, '0930842200004935', '0000-00-00 00:00:00'),
(835, 22, '0930842200005015', '0000-00-00 00:00:00'),
(836, 22, '0930842200004919', '0000-00-00 00:00:00'),
(837, 22, '0930842200004950', '0000-00-00 00:00:00'),
(838, 22, '0930842200005023', '0000-00-00 00:00:00'),
(839, 22, '0930842200005072', '0000-00-00 00:00:00'),
(840, 22, '0930842200005114', '0000-00-00 00:00:00'),
(841, 22, '0930842200005080', '0000-00-00 00:00:00'),
(842, 22, '0930842200005171', '0000-00-00 00:00:00'),
(843, 22, '0930842200005155', '0000-00-00 00:00:00'),
(844, 22, '0930842200005254', '0000-00-00 00:00:00'),
(845, 22, '0930842200005262', '0000-00-00 00:00:00'),
(846, 22, '0930842200004612', '0000-00-00 00:00:00'),
(847, 22, '0930842200004638', '0000-00-00 00:00:00'),
(848, 22, '0930842200004570', '0000-00-00 00:00:00'),
(849, 22, '0930842200004588', '0000-00-00 00:00:00'),
(850, 22, '0930842200004596', '0000-00-00 00:00:00'),
(851, 22, '0930842200004604', '0000-00-00 00:00:00'),
(852, 22, '0930842200004620', '0000-00-00 00:00:00'),
(853, 23, '0930842200005312', '0000-00-00 00:00:00'),
(854, 23, '0930842200005346', '0000-00-00 00:00:00'),
(855, 23, '0930842200005338', '0000-00-00 00:00:00'),
(856, 23, '0930842200005353', '0000-00-00 00:00:00'),
(857, 23, '0930842200005361', '0000-00-00 00:00:00'),
(858, 23, '0930842200005387', '0000-00-00 00:00:00'),
(859, 23, '0930842200005403', '0000-00-00 00:00:00'),
(860, 23, '0930842200005304', '0000-00-00 00:00:00'),
(861, 23, '0930842200005296', '0000-00-00 00:00:00'),
(862, 23, '0930842200005320', '0000-00-00 00:00:00'),
(863, 23, '0930842200005379', '0000-00-00 00:00:00'),
(864, 23, '0930842200005395', '0000-00-00 00:00:00'),
(865, 23, '0930842200005635', '0000-00-00 00:00:00'),
(866, 23, '0930842200005676', '0000-00-00 00:00:00'),
(867, 23, '0930842200005429', '0000-00-00 00:00:00'),
(868, 23, '0930842200005452', '0000-00-00 00:00:00'),
(869, 23, '0930842200005551', '0000-00-00 00:00:00'),
(870, 23, '0930842200005536', '0000-00-00 00:00:00'),
(871, 23, '0930842200005437', '0000-00-00 00:00:00'),
(872, 23, '0930842200005478', '0000-00-00 00:00:00'),
(873, 23, '0930842200005577', '0000-00-00 00:00:00'),
(874, 23, '0930842200005494', '0000-00-00 00:00:00'),
(875, 23, '0930912200001700', '0000-00-00 00:00:00'),
(876, 23, '0930842200005502', '0000-00-00 00:00:00'),
(877, 23, '0930842200005569', '0000-00-00 00:00:00'),
(878, 23, '0930842200005510', '0000-00-00 00:00:00'),
(879, 23, '0930842200005601', '0000-00-00 00:00:00'),
(880, 23, '0930842200005619', '0000-00-00 00:00:00'),
(881, 23, '0930842200005643', '0000-00-00 00:00:00'),
(882, 23, '0930842200005650', '0000-00-00 00:00:00'),
(883, 23, '0930842200005668', '0000-00-00 00:00:00'),
(884, 23, '0930842200005684', '0000-00-00 00:00:00'),
(885, 23, '0930842200005692', '0000-00-00 00:00:00'),
(886, 23, '0930842200005700', '0000-00-00 00:00:00'),
(887, 23, '0930842200005742', '0000-00-00 00:00:00'),
(888, 23, '0930842200005767', '0000-00-00 00:00:00'),
(889, 23, '0930842200005783', '0000-00-00 00:00:00'),
(890, 23, '0930842200005791', '0000-00-00 00:00:00'),
(891, 23, '0930842200005817', '0000-00-00 00:00:00'),
(892, 23, '0930842200005841', '0000-00-00 00:00:00'),
(893, 23, '0930842200005866', '0000-00-00 00:00:00'),
(894, 23, '0930842200005874', '0000-00-00 00:00:00'),
(895, 23, '0930842200005882', '0000-00-00 00:00:00'),
(896, 23, '0930842200005486', '0000-00-00 00:00:00'),
(897, 23, '0930842200005411', '0000-00-00 00:00:00'),
(898, 23, '0930842200005445', '0000-00-00 00:00:00'),
(899, 23, '0930842200005460', '0000-00-00 00:00:00'),
(900, 23, '0930842200005528', '0000-00-00 00:00:00'),
(901, 23, '0930842200005544', '0000-00-00 00:00:00'),
(902, 23, '0930842200005726', '0000-00-00 00:00:00'),
(903, 23, '0930842200005585', '0000-00-00 00:00:00'),
(904, 23, '0930842200005593', '0000-00-00 00:00:00'),
(905, 23, '0930842200005627', '0000-00-00 00:00:00'),
(906, 23, '0930842200005809', '0000-00-00 00:00:00'),
(907, 23, '0930842200005734', '0000-00-00 00:00:00'),
(908, 23, '0930842200005858', '0000-00-00 00:00:00'),
(909, 23, '0930842200005759', '0000-00-00 00:00:00'),
(910, 23, '0930842200005775', '0000-00-00 00:00:00'),
(911, 23, '0930842200005833', '0000-00-00 00:00:00'),
(912, 23, '0930842200005825', '0000-00-00 00:00:00'),
(913, 23, '0930912200001692', '0000-00-00 00:00:00'),
(914, 24, '0434532200012050', '0000-00-00 00:00:00'),
(915, 24, '0434532200012084', '0000-00-00 00:00:00'),
(916, 24, '0434532200012076', '0000-00-00 00:00:00'),
(917, 24, '0434532200012035', '0000-00-00 00:00:00'),
(918, 24, '0434532200012043', '0000-00-00 00:00:00'),
(919, 24, '0434532200012068', '0000-00-00 00:00:00'),
(920, 24, '0434532200012399', '0000-00-00 00:00:00'),
(921, 24, '0434532200012217', '0000-00-00 00:00:00'),
(922, 24, '0434532200012472', '0000-00-00 00:00:00'),
(923, 24, '0434532200012498', '0000-00-00 00:00:00'),
(924, 24, '0434532200012639', '0000-00-00 00:00:00'),
(925, 24, '0434532200012126', '0000-00-00 00:00:00'),
(926, 24, '0434532200012092', '0000-00-00 00:00:00'),
(927, 24, '0434532200012118', '0000-00-00 00:00:00'),
(928, 24, '0434532200012100', '0000-00-00 00:00:00'),
(929, 24, '0434532200012233', '0000-00-00 00:00:00'),
(930, 24, '0434532200012167', '0000-00-00 00:00:00'),
(931, 24, '0434532200012530', '0000-00-00 00:00:00'),
(932, 24, '0434532200012191', '0000-00-00 00:00:00'),
(933, 24, '0434532200012134', '0000-00-00 00:00:00'),
(934, 24, '0434532200012357', '0000-00-00 00:00:00'),
(935, 24, '0434532200012159', '0000-00-00 00:00:00'),
(936, 24, '0434532200012316', '0000-00-00 00:00:00'),
(937, 24, '0434532200012274', '0000-00-00 00:00:00'),
(938, 24, '0434532200012142', '0000-00-00 00:00:00'),
(939, 24, '0434532200012175', '0000-00-00 00:00:00'),
(940, 24, '0434532200012290', '0000-00-00 00:00:00'),
(941, 24, '0434532200012183', '0000-00-00 00:00:00'),
(942, 24, '0434532200012308', '0000-00-00 00:00:00'),
(943, 24, '0434532200012241', '0000-00-00 00:00:00'),
(944, 24, '0434532200012209', '0000-00-00 00:00:00'),
(945, 24, '0434532200012225', '0000-00-00 00:00:00'),
(946, 24, '0434532200012258', '0000-00-00 00:00:00'),
(947, 24, '0434532200012266', '0000-00-00 00:00:00'),
(948, 24, '0434532200012282', '0000-00-00 00:00:00'),
(949, 24, '0434532200012324', '0000-00-00 00:00:00'),
(950, 24, '0434532200012332', '0000-00-00 00:00:00'),
(951, 24, '0434532200012340', '0000-00-00 00:00:00'),
(952, 24, '0434532200012365', '0000-00-00 00:00:00'),
(953, 24, '0434532200012373', '0000-00-00 00:00:00'),
(954, 24, '0434532200012407', '0000-00-00 00:00:00'),
(955, 24, '0434532200012381', '0000-00-00 00:00:00'),
(956, 24, '0434532200012415', '0000-00-00 00:00:00'),
(957, 24, '0434532200012423', '0000-00-00 00:00:00'),
(958, 24, '0434532200012431', '0000-00-00 00:00:00'),
(959, 24, '0434532200012449', '0000-00-00 00:00:00'),
(960, 24, '0434532200012456', '0000-00-00 00:00:00'),
(961, 24, '0434532200012464', '0000-00-00 00:00:00'),
(962, 24, '0434532200012480', '0000-00-00 00:00:00'),
(963, 24, '0434532200012514', '0000-00-00 00:00:00');
INSERT INTO `tec_detail_travel_document` (`id`, `travel_document_id`, `awb`, `created_at`) VALUES
(964, 24, '0434532200012506', '0000-00-00 00:00:00'),
(965, 24, '0434532200012522', '0000-00-00 00:00:00'),
(966, 24, '0434532200012548', '0000-00-00 00:00:00'),
(967, 24, '0434532200012555', '0000-00-00 00:00:00'),
(968, 24, '0434532200012563', '0000-00-00 00:00:00'),
(969, 24, '0434532200012571', '0000-00-00 00:00:00'),
(970, 24, '0434532200012589', '0000-00-00 00:00:00'),
(971, 24, '0434532200012597', '0000-00-00 00:00:00'),
(972, 24, '0434532200012605', '0000-00-00 00:00:00'),
(973, 24, '0434532200012613', '0000-00-00 00:00:00'),
(974, 24, '0434532200012621', '0000-00-00 00:00:00'),
(975, 24, '0434532200012647', '0000-00-00 00:00:00'),
(976, 24, '0434532200012654', '0000-00-00 00:00:00'),
(977, 24, '0434532200012662', '0000-00-00 00:00:00'),
(978, 24, '0434532200012670', '0000-00-00 00:00:00'),
(979, 25, '0930842200005718', '0000-00-00 00:00:00'),
(980, 26, '4727892200004236', '0000-00-00 00:00:00'),
(981, 26, '4727892200004194', '0000-00-00 00:00:00'),
(982, 26, '4727892200004186', '0000-00-00 00:00:00'),
(983, 26, '4727892200004202', '0000-00-00 00:00:00'),
(984, 26, '4727892200004228', '0000-00-00 00:00:00'),
(985, 26, '4727892200004244', '0000-00-00 00:00:00'),
(986, 26, '4727892200004285', '0000-00-00 00:00:00'),
(987, 26, '4727892200004293', '0000-00-00 00:00:00'),
(988, 26, '4727892200004269', '0000-00-00 00:00:00'),
(989, 26, '4727892200004210', '0000-00-00 00:00:00'),
(990, 26, '4727892200004251', '0000-00-00 00:00:00'),
(991, 26, '4727892200004319', '0000-00-00 00:00:00'),
(992, 26, '4727892200004277', '0000-00-00 00:00:00'),
(993, 26, '4727892200004301', '0000-00-00 00:00:00'),
(994, 26, '4727892200004335', '0000-00-00 00:00:00'),
(995, 26, '4727892200004327', '0000-00-00 00:00:00'),
(996, 26, '4727892200004780', '0000-00-00 00:00:00'),
(997, 26, '4727892200004764', '0000-00-00 00:00:00'),
(998, 26, '4727892200004798', '0000-00-00 00:00:00'),
(999, 26, '4727892200004830', '0000-00-00 00:00:00'),
(1000, 26, '4727892200004772', '0000-00-00 00:00:00'),
(1001, 26, '4727892200004814', '0000-00-00 00:00:00'),
(1002, 26, '4727892200004541', '0000-00-00 00:00:00'),
(1003, 26, '4727892200004616', '0000-00-00 00:00:00'),
(1004, 26, '4727892200004434', '0000-00-00 00:00:00'),
(1005, 26, '4727892200004384', '0000-00-00 00:00:00'),
(1006, 26, '4727892200004392', '0000-00-00 00:00:00'),
(1007, 26, '4727892200004343', '0000-00-00 00:00:00'),
(1008, 26, '4727892200004350', '0000-00-00 00:00:00'),
(1009, 26, '4727892200004376', '0000-00-00 00:00:00'),
(1010, 26, '4727892200004848', '0000-00-00 00:00:00'),
(1011, 26, '4727892200004426', '0000-00-00 00:00:00'),
(1012, 26, '4727892200004517', '0000-00-00 00:00:00'),
(1013, 26, '4727892200004400', '0000-00-00 00:00:00'),
(1014, 26, '4727892200004509', '0000-00-00 00:00:00'),
(1015, 26, '4727892200004699', '0000-00-00 00:00:00'),
(1016, 26, '4727892200004566', '0000-00-00 00:00:00'),
(1017, 26, '4727892200004459', '0000-00-00 00:00:00'),
(1018, 26, '4727892200004574', '0000-00-00 00:00:00'),
(1019, 26, '4727892200004525', '0000-00-00 00:00:00'),
(1020, 26, '4727892200004491', '0000-00-00 00:00:00'),
(1021, 26, '4727892200004442', '0000-00-00 00:00:00'),
(1022, 26, '4727892200004467', '0000-00-00 00:00:00'),
(1023, 26, '4727892200004475', '0000-00-00 00:00:00'),
(1024, 26, '4727892200004558', '0000-00-00 00:00:00'),
(1025, 26, '4727892200004608', '0000-00-00 00:00:00'),
(1026, 26, '4727892200004624', '0000-00-00 00:00:00'),
(1027, 26, '4727892200004632', '0000-00-00 00:00:00'),
(1028, 26, '4727892200004640', '0000-00-00 00:00:00'),
(1029, 26, '4727892200004665', '0000-00-00 00:00:00'),
(1030, 26, '4727892200004673', '0000-00-00 00:00:00'),
(1031, 26, '4727892200004681', '0000-00-00 00:00:00'),
(1032, 26, '4727892200004707', '0000-00-00 00:00:00'),
(1033, 26, '4727892200004715', '0000-00-00 00:00:00'),
(1034, 26, '4727892200004723', '0000-00-00 00:00:00'),
(1035, 26, '4727892200004731', '0000-00-00 00:00:00'),
(1036, 26, '4727892200004822', '0000-00-00 00:00:00'),
(1037, 26, '4727892200004368', '0000-00-00 00:00:00'),
(1038, 26, '4727892200004756', '0000-00-00 00:00:00'),
(1039, 26, '4727892200004418', '0000-00-00 00:00:00'),
(1040, 26, '4727892200004590', '0000-00-00 00:00:00'),
(1041, 26, '4727892200004483', '0000-00-00 00:00:00'),
(1042, 26, '4727892200004533', '0000-00-00 00:00:00'),
(1043, 26, '4727892200004582', '0000-00-00 00:00:00'),
(1044, 26, '4727892200004657', '0000-00-00 00:00:00'),
(1045, 26, '4727892200004806', '0000-00-00 00:00:00'),
(1046, 26, '4727892200004749', '0000-00-00 00:00:00'),
(1047, 26, '4727962200001811', '0000-00-00 00:00:00'),
(1048, 27, '0930842200006468', '0000-00-00 00:00:00'),
(1049, 27, '0930842200006450', '0000-00-00 00:00:00'),
(1050, 27, '0930842200006526', '0000-00-00 00:00:00'),
(1051, 27, '0930842200006534', '0000-00-00 00:00:00'),
(1052, 27, '0930842200006484', '0000-00-00 00:00:00'),
(1053, 27, '0930842200006476', '0000-00-00 00:00:00'),
(1054, 27, '0930842200006542', '0000-00-00 00:00:00'),
(1055, 27, '0930842200006500', '0000-00-00 00:00:00'),
(1056, 27, '0930842200006492', '0000-00-00 00:00:00'),
(1057, 27, '0930842200006518', '0000-00-00 00:00:00'),
(1058, 27, '0930842200006559', '0000-00-00 00:00:00'),
(1059, 27, '0930842200006567', '0000-00-00 00:00:00'),
(1060, 27, '0930842200006575', '0000-00-00 00:00:00'),
(1061, 27, '0930842200006245', '0000-00-00 00:00:00'),
(1062, 27, '0930842200006104', '0000-00-00 00:00:00'),
(1063, 27, '0930842200006039', '0000-00-00 00:00:00'),
(1064, 27, '0930842200006013', '0000-00-00 00:00:00'),
(1065, 27, '0930842200006252', '0000-00-00 00:00:00'),
(1066, 27, '0930842200005999', '0000-00-00 00:00:00'),
(1067, 27, '0930842200005973', '0000-00-00 00:00:00'),
(1068, 27, '0930842200005924', '0000-00-00 00:00:00'),
(1069, 27, '0930842200006427', '0000-00-00 00:00:00'),
(1070, 27, '0930842200006062', '0000-00-00 00:00:00'),
(1071, 27, '0930842200005965', '0000-00-00 00:00:00'),
(1072, 27, '0930842200006260', '0000-00-00 00:00:00'),
(1073, 27, '0930842200006310', '0000-00-00 00:00:00'),
(1074, 27, '0930842200006393', '0000-00-00 00:00:00'),
(1075, 27, '0930842200006203', '0000-00-00 00:00:00'),
(1076, 27, '0930842200006211', '0000-00-00 00:00:00'),
(1077, 27, '0930842200006443', '0000-00-00 00:00:00'),
(1078, 27, '0930842200006054', '0000-00-00 00:00:00'),
(1079, 27, '0930842200005957', '0000-00-00 00:00:00'),
(1080, 27, '0930842200006021', '0000-00-00 00:00:00'),
(1081, 27, '0930842200006187', '0000-00-00 00:00:00'),
(1082, 27, '0930842200006112', '0000-00-00 00:00:00'),
(1083, 27, '0930842200005916', '0000-00-00 00:00:00'),
(1084, 27, '0930842200006161', '0000-00-00 00:00:00'),
(1085, 27, '0930842200006237', '0000-00-00 00:00:00'),
(1086, 27, '0930842200005981', '0000-00-00 00:00:00'),
(1087, 27, '0930842200006377', '0000-00-00 00:00:00'),
(1088, 27, '0930842200006005', '0000-00-00 00:00:00'),
(1089, 27, '0930842200006047', '0000-00-00 00:00:00'),
(1090, 27, '0930842200006153', '0000-00-00 00:00:00'),
(1091, 27, '0930842200005908', '0000-00-00 00:00:00'),
(1092, 27, '0930842200005932', '0000-00-00 00:00:00'),
(1093, 27, '0930842200006351', '0000-00-00 00:00:00'),
(1094, 27, '0930842200006419', '0000-00-00 00:00:00'),
(1095, 27, '0930842200006385', '0000-00-00 00:00:00'),
(1096, 27, '0930842200006278', '0000-00-00 00:00:00'),
(1097, 27, '0930842200006286', '0000-00-00 00:00:00'),
(1098, 27, '0930842200005940', '0000-00-00 00:00:00'),
(1099, 27, '0930842200006302', '0000-00-00 00:00:00'),
(1100, 27, '0930842200006369', '0000-00-00 00:00:00'),
(1101, 27, '0930842200006401', '0000-00-00 00:00:00'),
(1102, 27, '0930842200006336', '0000-00-00 00:00:00'),
(1103, 27, '0930842200006070', '0000-00-00 00:00:00'),
(1104, 27, '0930842200006294', '0000-00-00 00:00:00'),
(1105, 27, '0930842200006138', '0000-00-00 00:00:00'),
(1106, 27, '0930842200006195', '0000-00-00 00:00:00'),
(1107, 27, '0930842200006435', '0000-00-00 00:00:00'),
(1108, 27, '0930842200006328', '0000-00-00 00:00:00'),
(1109, 27, '0930842200006096', '0000-00-00 00:00:00'),
(1110, 27, '0930842200006146', '0000-00-00 00:00:00'),
(1111, 27, '0930842200006088', '0000-00-00 00:00:00'),
(1112, 27, '0930842200006179', '0000-00-00 00:00:00'),
(1113, 27, '0930842200006229', '0000-00-00 00:00:00'),
(1114, 27, '0930842200006120', '0000-00-00 00:00:00'),
(1115, 27, '0930842200006344', '0000-00-00 00:00:00'),
(1116, 28, '4727892200004863', '0000-00-00 00:00:00'),
(1117, 28, '4727892200004897', '0000-00-00 00:00:00'),
(1118, 28, '4727892200004889', '0000-00-00 00:00:00'),
(1119, 28, '4727892200004939', '0000-00-00 00:00:00'),
(1120, 28, '4727892200004855', '0000-00-00 00:00:00'),
(1121, 28, '4727892200004947', '0000-00-00 00:00:00'),
(1122, 28, '4727892200004913', '0000-00-00 00:00:00'),
(1123, 28, '4727892200004921', '0000-00-00 00:00:00'),
(1124, 28, '4727892200004905', '0000-00-00 00:00:00'),
(1125, 28, '4727892200004871', '0000-00-00 00:00:00'),
(1126, 28, '4727892200005274', '0000-00-00 00:00:00'),
(1127, 28, '4727892200005340', '0000-00-00 00:00:00'),
(1128, 28, '4727892200005324', '0000-00-00 00:00:00'),
(1129, 28, '4727892200005290', '0000-00-00 00:00:00'),
(1130, 28, '4727892200005175', '0000-00-00 00:00:00'),
(1131, 28, '4727892200005365', '0000-00-00 00:00:00'),
(1132, 28, '4727892200005043', '0000-00-00 00:00:00'),
(1133, 28, '4727892200005332', '0000-00-00 00:00:00'),
(1134, 28, '4727892200005373', '0000-00-00 00:00:00'),
(1135, 28, '4727892200005233', '0000-00-00 00:00:00'),
(1136, 28, '4727892200005126', '0000-00-00 00:00:00'),
(1137, 28, '4727892200005316', '0000-00-00 00:00:00'),
(1138, 28, '4727892200005183', '0000-00-00 00:00:00'),
(1139, 28, '4727892200005308', '0000-00-00 00:00:00'),
(1140, 28, '4727892200005118', '0000-00-00 00:00:00'),
(1141, 28, '4727892200005241', '0000-00-00 00:00:00'),
(1142, 28, '4727892200005282', '0000-00-00 00:00:00'),
(1143, 28, '4727892200005134', '0000-00-00 00:00:00'),
(1144, 28, '4727892200005035', '0000-00-00 00:00:00'),
(1145, 28, '4727892200005357', '0000-00-00 00:00:00'),
(1146, 28, '4727892200005399', '0000-00-00 00:00:00'),
(1147, 28, '4727962200001845', '0000-00-00 00:00:00'),
(1148, 28, '4727892200004962', '0000-00-00 00:00:00'),
(1149, 28, '4727892200005159', '0000-00-00 00:00:00'),
(1150, 28, '4727892200004996', '0000-00-00 00:00:00'),
(1151, 28, '4727892200005266', '0000-00-00 00:00:00'),
(1152, 28, '4727892200005209', '0000-00-00 00:00:00'),
(1153, 28, '4727892200005050', '0000-00-00 00:00:00'),
(1154, 28, '4727892200005167', '0000-00-00 00:00:00'),
(1155, 28, '4727892200004970', '0000-00-00 00:00:00'),
(1156, 28, '4727892200005084', '0000-00-00 00:00:00'),
(1157, 28, '4727892200005076', '0000-00-00 00:00:00'),
(1158, 28, '4727892200005258', '0000-00-00 00:00:00'),
(1159, 28, '4727892200005019', '0000-00-00 00:00:00'),
(1160, 28, '4727892200005217', '0000-00-00 00:00:00'),
(1161, 28, '4727892200005191', '0000-00-00 00:00:00'),
(1162, 28, '4727892200005225', '0000-00-00 00:00:00'),
(1163, 28, '4727892200004988', '0000-00-00 00:00:00'),
(1164, 28, '4727892200005142', '0000-00-00 00:00:00'),
(1165, 28, '4727892200005381', '0000-00-00 00:00:00'),
(1166, 28, '4727892200005092', '0000-00-00 00:00:00'),
(1167, 28, '4727892200005100', '0000-00-00 00:00:00'),
(1168, 28, '4727892200005001', '0000-00-00 00:00:00'),
(1169, 28, '4727892200005068', '0000-00-00 00:00:00'),
(1170, 28, '4727892200005027', '0000-00-00 00:00:00'),
(1171, 29, '0434532200012704', '0000-00-00 00:00:00'),
(1172, 29, '0434532200012712', '0000-00-00 00:00:00'),
(1173, 29, '0434532200012761', '0000-00-00 00:00:00'),
(1174, 29, '0434532200012787', '0000-00-00 00:00:00'),
(1175, 29, '0434532200012746', '0000-00-00 00:00:00'),
(1176, 29, '0434532200012753', '0000-00-00 00:00:00'),
(1177, 29, '0434532200012779', '0000-00-00 00:00:00'),
(1178, 29, '0434532200012811', '0000-00-00 00:00:00'),
(1179, 29, '0434532200012720', '0000-00-00 00:00:00'),
(1180, 29, '0434532200012803', '0000-00-00 00:00:00'),
(1181, 29, '0434532200012795', '0000-00-00 00:00:00'),
(1182, 29, '0434532200012852', '0000-00-00 00:00:00'),
(1183, 29, '0434532200012829', '0000-00-00 00:00:00'),
(1184, 29, '0434532200012837', '0000-00-00 00:00:00'),
(1185, 29, '0434532200012845', '0000-00-00 00:00:00'),
(1186, 29, '0434532200012696', '0000-00-00 00:00:00'),
(1187, 29, '0434532200012738', '0000-00-00 00:00:00'),
(1188, 29, '0434532200012878', '0000-00-00 00:00:00'),
(1189, 29, '0434532200013074', '0000-00-00 00:00:00'),
(1190, 29, '0434532200013116', '0000-00-00 00:00:00'),
(1191, 29, '0434532200013298', '0000-00-00 00:00:00'),
(1192, 29, '0434532200012936', '0000-00-00 00:00:00'),
(1193, 29, '434532200013034', '0000-00-00 00:00:00'),
(1194, 29, '0434532200013264', '0000-00-00 00:00:00'),
(1195, 29, '0434532200013058', '0000-00-00 00:00:00'),
(1196, 29, '0434532200013025', '0000-00-00 00:00:00'),
(1197, 29, '0434532200013199', '0000-00-00 00:00:00'),
(1198, 29, '0434532200013108', '0000-00-00 00:00:00'),
(1199, 29, '0434532200013041', '0000-00-00 00:00:00'),
(1200, 29, '0434532200013348', '0000-00-00 00:00:00'),
(1201, 29, '0434532200013165', '0000-00-00 00:00:00'),
(1202, 29, '0434532200013256', '0000-00-00 00:00:00'),
(1203, 29, '0434532200013082', '0000-00-00 00:00:00'),
(1204, 29, '0434532200012910', '0000-00-00 00:00:00'),
(1205, 29, '0434532200013272', '0000-00-00 00:00:00'),
(1206, 29, '0434532200013371', '0000-00-00 00:00:00'),
(1207, 29, '0434532200013363', '0000-00-00 00:00:00'),
(1208, 29, '0434532200013207', '0000-00-00 00:00:00'),
(1209, 29, '0434532200012993', '0000-00-00 00:00:00'),
(1210, 29, '0434532200013249', '0000-00-00 00:00:00'),
(1211, 29, '0434532200013223', '0000-00-00 00:00:00'),
(1212, 29, '0434532200012928', '0000-00-00 00:00:00'),
(1213, 29, '0434532200012977', '0000-00-00 00:00:00'),
(1214, 29, '0434532200013231', '0000-00-00 00:00:00'),
(1215, 29, '0434532200013389', '0000-00-00 00:00:00'),
(1216, 29, '0434532200013330', '0000-00-00 00:00:00'),
(1217, 29, '0434532200012985', '0000-00-00 00:00:00'),
(1218, 29, '0434532200013314', '0000-00-00 00:00:00'),
(1219, 29, '0434532200013306', '0000-00-00 00:00:00'),
(1220, 29, '0434532200013215', '0000-00-00 00:00:00'),
(1221, 29, '0434532200012951', '0000-00-00 00:00:00'),
(1222, 29, '0434532200013009', '0000-00-00 00:00:00'),
(1223, 29, '0434532200013017', '0000-00-00 00:00:00'),
(1224, 29, '0434532200013066', '0000-00-00 00:00:00'),
(1225, 29, '0434532200013140', '0000-00-00 00:00:00'),
(1226, 29, '0434532200012894', '0000-00-00 00:00:00'),
(1227, 29, '0434532200012860', '0000-00-00 00:00:00'),
(1228, 29, '0434532200013355', '0000-00-00 00:00:00'),
(1229, 29, '0434532200012886', '0000-00-00 00:00:00'),
(1230, 29, '0434532200013090', '0000-00-00 00:00:00'),
(1231, 29, '0434532200013157', '0000-00-00 00:00:00'),
(1232, 29, '0434532200013124', '0000-00-00 00:00:00'),
(1233, 29, '0434532200013322', '0000-00-00 00:00:00'),
(1234, 29, '0434532200013280', '0000-00-00 00:00:00'),
(1235, 29, '0434532200012969', '0000-00-00 00:00:00'),
(1236, 29, '0434532200013132', '0000-00-00 00:00:00'),
(1237, 29, '0434532200013173', '0000-00-00 00:00:00'),
(1238, 29, '0434532200013181', '0000-00-00 00:00:00'),
(1239, 29, '0434532200012902', '0000-00-00 00:00:00'),
(1240, 29, '0434532200012944', '0000-00-00 00:00:00'),
(1241, 30, '0930842200006625', '0000-00-00 00:00:00'),
(1242, 30, '0930842200006609', '0000-00-00 00:00:00'),
(1243, 30, '0930842200006658', '0000-00-00 00:00:00'),
(1244, 30, '0930842200006641', '0000-00-00 00:00:00'),
(1245, 30, '0930842200006591', '0000-00-00 00:00:00'),
(1246, 30, '0930842200006617', '0000-00-00 00:00:00'),
(1247, 30, '0930842200006666', '0000-00-00 00:00:00'),
(1248, 30, '0930842200006633', '0000-00-00 00:00:00'),
(1249, 30, '0930842200007060', '0000-00-00 00:00:00'),
(1250, 30, '0930842200006849', '0000-00-00 00:00:00'),
(1251, 30, '0930842200007052', '0000-00-00 00:00:00'),
(1252, 30, '0930842200007342', '0000-00-00 00:00:00'),
(1253, 30, '0930842200006773', '0000-00-00 00:00:00'),
(1254, 30, '0930842200006872', '0000-00-00 00:00:00'),
(1255, 30, '0930842200007185', '0000-00-00 00:00:00'),
(1256, 30, '0930842200006864', '0000-00-00 00:00:00'),
(1257, 30, '0930842200006955', '0000-00-00 00:00:00'),
(1258, 30, '0930842200007201', '0000-00-00 00:00:00'),
(1259, 30, '0930842200006989', '0000-00-00 00:00:00'),
(1260, 30, '0930842200006906', '0000-00-00 00:00:00'),
(1261, 30, '0930842200007102', '0000-00-00 00:00:00'),
(1262, 30, '0930842200006930', '0000-00-00 00:00:00'),
(1263, 30, '0930842200006922', '0000-00-00 00:00:00'),
(1264, 30, '0930842200006831', '0000-00-00 00:00:00'),
(1265, 30, '0930842200007078', '0000-00-00 00:00:00'),
(1266, 30, '0930842200007276', '0000-00-00 00:00:00'),
(1267, 30, '0930842200007300', '0000-00-00 00:00:00'),
(1268, 30, '0930842200007011', '0000-00-00 00:00:00'),
(1269, 30, '0930842200006732', '0000-00-00 00:00:00'),
(1270, 30, '0930842200006948', '0000-00-00 00:00:00'),
(1271, 30, '0930842200006898', '0000-00-00 00:00:00'),
(1272, 30, '0930842200006781', '0000-00-00 00:00:00'),
(1273, 30, '0930842200007086', '0000-00-00 00:00:00'),
(1274, 30, '0930842200006690', '0000-00-00 00:00:00'),
(1275, 30, '0930842200006799', '0000-00-00 00:00:00'),
(1276, 30, '0930842200007003', '0000-00-00 00:00:00'),
(1277, 30, '0930842200007094', '0000-00-00 00:00:00'),
(1278, 30, '0930842200007128', '0000-00-00 00:00:00'),
(1279, 30, '0930842200007235', '0000-00-00 00:00:00'),
(1280, 30, '0930842200007268', '0000-00-00 00:00:00'),
(1281, 30, '0930842200007144', '0000-00-00 00:00:00'),
(1282, 30, '0930842200007045', '0000-00-00 00:00:00'),
(1283, 30, '0930842200006807', '0000-00-00 00:00:00'),
(1284, 30, '0930842200007292', '0000-00-00 00:00:00'),
(1285, 30, '0930842200006823', '0000-00-00 00:00:00'),
(1286, 30, '0930842200007359', '0000-00-00 00:00:00'),
(1287, 30, '0930842200007227', '0000-00-00 00:00:00'),
(1288, 30, '0930842200006971', '0000-00-00 00:00:00'),
(1289, 30, '0930842200007193', '0000-00-00 00:00:00'),
(1290, 30, '0930842200006757', '0000-00-00 00:00:00'),
(1291, 30, '0930842200007136', '0000-00-00 00:00:00'),
(1292, 30, '0930842200007326', '0000-00-00 00:00:00'),
(1293, 30, '0930842200007029', '0000-00-00 00:00:00'),
(1294, 30, '0930842200007169', '0000-00-00 00:00:00'),
(1295, 30, '0930842200007334', '0000-00-00 00:00:00'),
(1296, 30, '0930842200007243', '0000-00-00 00:00:00'),
(1297, 30, '0930842200006963', '0000-00-00 00:00:00'),
(1298, 30, '0930842200007219', '0000-00-00 00:00:00'),
(1299, 30, '0930842200006740', '0000-00-00 00:00:00'),
(1300, 30, '0930842200006880', '0000-00-00 00:00:00'),
(1301, 30, '0930842200006856', '0000-00-00 00:00:00'),
(1302, 30, '0930842200006914', '0000-00-00 00:00:00'),
(1303, 30, '0930842200006724', '0000-00-00 00:00:00'),
(1304, 30, '0930842200006815', '0000-00-00 00:00:00'),
(1305, 30, '0930842200006682', '0000-00-00 00:00:00'),
(1306, 30, '0930842200006997', '0000-00-00 00:00:00'),
(1307, 30, '0930842200007037', '0000-00-00 00:00:00'),
(1308, 30, '0930842200007318', '0000-00-00 00:00:00'),
(1309, 30, '0930842200006716', '0000-00-00 00:00:00'),
(1310, 30, '0930842200007284', '0000-00-00 00:00:00'),
(1311, 30, '0930842200007151', '0000-00-00 00:00:00'),
(1312, 30, '0930842200007177', '0000-00-00 00:00:00'),
(1313, 30, '0930842200006765', '0000-00-00 00:00:00'),
(1314, 30, '0930842200007250', '0000-00-00 00:00:00'),
(1315, 30, '0930842200006708', '0000-00-00 00:00:00'),
(1316, 30, '0930842200006674', '0000-00-00 00:00:00'),
(1317, 30, '0930842200007110', '0000-00-00 00:00:00'),
(1318, 31, '4727892200005449', '0000-00-00 00:00:00'),
(1319, 31, '4727892200005480', '0000-00-00 00:00:00'),
(1320, 31, '4727892200005431', '0000-00-00 00:00:00'),
(1321, 31, '4727892200005464', '0000-00-00 00:00:00'),
(1322, 31, '4727892200005472', '0000-00-00 00:00:00'),
(1323, 31, '4727892200005498', '0000-00-00 00:00:00'),
(1324, 31, '4727892200005456', '0000-00-00 00:00:00'),
(1325, 31, '4727892200005415', '0000-00-00 00:00:00'),
(1326, 31, '4727892200005423', '0000-00-00 00:00:00'),
(1327, 31, '4727892200005720', '0000-00-00 00:00:00'),
(1328, 31, '4727892200005514', '0000-00-00 00:00:00'),
(1329, 31, '4727892200005712', '0000-00-00 00:00:00'),
(1330, 31, '4727892200005688', '0000-00-00 00:00:00'),
(1331, 31, '4727892200005977', '0000-00-00 00:00:00'),
(1332, 31, '4727962200001902', '0000-00-00 00:00:00'),
(1333, 31, '4727892200005597', '0000-00-00 00:00:00'),
(1334, 31, '4727892200005639', '0000-00-00 00:00:00'),
(1335, 31, '4727892200005530', '0000-00-00 00:00:00'),
(1336, 31, '4727892200005894', '0000-00-00 00:00:00'),
(1337, 31, '4727892200006017', '0000-00-00 00:00:00'),
(1338, 31, '4727962200001894', '0000-00-00 00:00:00'),
(1339, 31, '4727962200001886', '0000-00-00 00:00:00'),
(1340, 31, '4727892200006009', '0000-00-00 00:00:00'),
(1341, 31, '4727892200005506', '0000-00-00 00:00:00'),
(1342, 31, '4727892200005589', '0000-00-00 00:00:00'),
(1343, 31, '4727892200005753', '0000-00-00 00:00:00'),
(1344, 31, '4727892200005803', '0000-00-00 00:00:00'),
(1345, 31, '4727892200006033', '0000-00-00 00:00:00'),
(1346, 31, '4727892200005985', '0000-00-00 00:00:00'),
(1347, 31, '4727892200005621', '0000-00-00 00:00:00'),
(1348, 31, '4727892200006041', '0000-00-00 00:00:00'),
(1349, 31, '4727892200005662', '0000-00-00 00:00:00'),
(1350, 31, '4727892200005837', '0000-00-00 00:00:00'),
(1351, 31, '4727892200005787', '0000-00-00 00:00:00'),
(1352, 31, '4727892200005761', '0000-00-00 00:00:00'),
(1353, 31, '4727892200005811', '0000-00-00 00:00:00'),
(1354, 31, '4727892200005522', '0000-00-00 00:00:00'),
(1355, 31, '4727892200005647', '0000-00-00 00:00:00'),
(1356, 31, '4727892200005845', '0000-00-00 00:00:00'),
(1357, 31, '4727892200005738', '0000-00-00 00:00:00'),
(1358, 31, '4727892200005696', '0000-00-00 00:00:00'),
(1359, 31, '4727892200005704', '0000-00-00 00:00:00'),
(1360, 31, '4727892200005654', '0000-00-00 00:00:00'),
(1361, 31, '4727892200005886', '0000-00-00 00:00:00'),
(1362, 31, '4727892200005605', '0000-00-00 00:00:00'),
(1363, 31, '4727892200005571', '0000-00-00 00:00:00'),
(1364, 31, '4727892200005936', '0000-00-00 00:00:00'),
(1365, 31, '4727892200005878', '0000-00-00 00:00:00'),
(1366, 31, '4727892200005555', '0000-00-00 00:00:00'),
(1367, 31, '4727892200005902', '0000-00-00 00:00:00'),
(1368, 31, '4727892200005829', '0000-00-00 00:00:00'),
(1369, 31, '4727892200005993', '0000-00-00 00:00:00'),
(1370, 31, '4727892200005548', '0000-00-00 00:00:00'),
(1371, 31, '4727892200005969', '0000-00-00 00:00:00'),
(1372, 31, '4727892200005852', '0000-00-00 00:00:00'),
(1373, 31, '4727892200006025', '0000-00-00 00:00:00'),
(1374, 31, '4727892200005746', '0000-00-00 00:00:00'),
(1375, 31, '4727962200001878', '0000-00-00 00:00:00'),
(1376, 31, '4727892200005928', '0000-00-00 00:00:00'),
(1377, 31, '4727892200005563', '0000-00-00 00:00:00'),
(1378, 31, '4727892200005951', '0000-00-00 00:00:00'),
(1379, 31, '4727892200005613', '0000-00-00 00:00:00'),
(1380, 31, '4727892200005779', '0000-00-00 00:00:00'),
(1381, 31, '4727892200005795', '0000-00-00 00:00:00'),
(1382, 31, '4727892200005860', '0000-00-00 00:00:00'),
(1383, 31, '4727892200005944', '0000-00-00 00:00:00'),
(1384, 31, '4727892200005670', '0000-00-00 00:00:00'),
(1385, 31, '4727892200005910', '0000-00-00 00:00:00'),
(1386, 32, '0434532200013421', '0000-00-00 00:00:00'),
(1387, 32, '0434532200013470', '0000-00-00 00:00:00'),
(1388, 32, '0434532200013397', '0000-00-00 00:00:00'),
(1389, 32, '0434532200013413', '0000-00-00 00:00:00'),
(1390, 32, '0434532200013447', '0000-00-00 00:00:00'),
(1391, 32, '0434532200013504', '0000-00-00 00:00:00'),
(1392, 32, '0434532200013405', '0000-00-00 00:00:00'),
(1393, 32, '0434532200013439', '0000-00-00 00:00:00'),
(1394, 32, '0434532200013512', '0000-00-00 00:00:00'),
(1395, 32, '0434532200013496', '0000-00-00 00:00:00'),
(1396, 32, '0434532200013462', '0000-00-00 00:00:00'),
(1397, 32, '0434532200013520', '0000-00-00 00:00:00'),
(1398, 32, '0434532200013538', '0000-00-00 00:00:00'),
(1399, 32, '0434532200013488', '0000-00-00 00:00:00'),
(1400, 32, '0434532200013454', '0000-00-00 00:00:00'),
(1401, 32, '0434532200013843', '0000-00-00 00:00:00'),
(1402, 32, '0434532200013876', '0000-00-00 00:00:00'),
(1403, 32, '0434532200013728', '0000-00-00 00:00:00'),
(1404, 32, '0434532200013975', '0000-00-00 00:00:00'),
(1405, 32, '0434532200013934', '0000-00-00 00:00:00'),
(1406, 32, '0434532200013827', '0000-00-00 00:00:00'),
(1407, 32, '0434532200013900', '0000-00-00 00:00:00'),
(1408, 32, '0434532200014106', '0000-00-00 00:00:00'),
(1409, 32, '0434532200013991', '0000-00-00 00:00:00'),
(1410, 32, '0434532200013546', '0000-00-00 00:00:00'),
(1411, 32, '0434532200014064', '0000-00-00 00:00:00'),
(1412, 32, '0434532200013579', '0000-00-00 00:00:00'),
(1413, 32, '0434532200013983', '0000-00-00 00:00:00'),
(1414, 32, '0434532200013967', '0000-00-00 00:00:00'),
(1415, 32, '0434532200013637', '0000-00-00 00:00:00'),
(1416, 32, '0434532200014072', '0000-00-00 00:00:00'),
(1417, 32, '0434532200013660', '0000-00-00 00:00:00'),
(1418, 32, '0434532200013710', '0000-00-00 00:00:00'),
(1419, 32, '0434532200013751', '0000-00-00 00:00:00'),
(1420, 32, '0434532200013702', '0000-00-00 00:00:00'),
(1421, 32, '0434532200013561', '0000-00-00 00:00:00'),
(1422, 32, '0434532200013926', '0000-00-00 00:00:00'),
(1423, 32, '0434532200013603', '0000-00-00 00:00:00'),
(1424, 32, '0434532200013736', '0000-00-00 00:00:00'),
(1425, 32, '0434532200013868', '0000-00-00 00:00:00'),
(1426, 32, '0434532200014056', '0000-00-00 00:00:00'),
(1427, 32, '0434532200013801', '0000-00-00 00:00:00'),
(1428, 32, '0434532200013793', '0000-00-00 00:00:00'),
(1429, 32, '0434532200014031', '0000-00-00 00:00:00'),
(1430, 32, '0434532200013892', '0000-00-00 00:00:00'),
(1431, 32, '0434532200013819', '0000-00-00 00:00:00'),
(1432, 32, '0434532200013553', '0000-00-00 00:00:00'),
(1433, 32, '0434532200014080', '0000-00-00 00:00:00'),
(1434, 32, '0434532200013835', '0000-00-00 00:00:00'),
(1435, 32, '0434532200014114', '0000-00-00 00:00:00'),
(1436, 32, '0434532200013744', '0000-00-00 00:00:00'),
(1437, 32, '0434532200013652', '0000-00-00 00:00:00'),
(1438, 32, '0434532200014015', '0000-00-00 00:00:00'),
(1439, 32, '0434532200013785', '0000-00-00 00:00:00'),
(1440, 32, '0434532200013645', '0000-00-00 00:00:00'),
(1441, 32, '0434532200013959', '0000-00-00 00:00:00'),
(1442, 32, '0434532200013595', '0000-00-00 00:00:00'),
(1443, 32, '0434532200014130', '0000-00-00 00:00:00'),
(1444, 32, '0434532200013769', '0000-00-00 00:00:00'),
(1445, 32, '0434532200014023', '0000-00-00 00:00:00'),
(1446, 32, '0434532200013629', '0000-00-00 00:00:00'),
(1447, 32, '0434532200013678', '0000-00-00 00:00:00'),
(1448, 32, '0434532200014098', '0000-00-00 00:00:00'),
(1449, 32, '0434532200014122', '0000-00-00 00:00:00'),
(1450, 32, '0434532200014007', '0000-00-00 00:00:00'),
(1451, 32, '0434532200013884', '0000-00-00 00:00:00'),
(1452, 32, '0434532200013777', '0000-00-00 00:00:00'),
(1453, 32, '0434532200013850', '0000-00-00 00:00:00'),
(1454, 32, '0434532200013587', '0000-00-00 00:00:00'),
(1455, 32, '0434532200013611', '0000-00-00 00:00:00'),
(1456, 32, '0434532200013694', '0000-00-00 00:00:00'),
(1457, 32, '0434532200014049', '0000-00-00 00:00:00'),
(1458, 32, '0434532200013942', '0000-00-00 00:00:00'),
(1459, 32, '0434532200013686', '0000-00-00 00:00:00'),
(1460, 32, '0434532200013918', '0000-00-00 00:00:00'),
(1461, 33, '0434532200015921', '0000-00-00 00:00:00'),
(1462, 33, '0434532200014684', '0000-00-00 00:00:00'),
(1463, 33, '0434532200015723', '0000-00-00 00:00:00'),
(1464, 33, '0434532200014569', '0000-00-00 00:00:00'),
(1465, 33, '0434532200015673', '0000-00-00 00:00:00'),
(1466, 33, '0434602200036803', '0000-00-00 00:00:00'),
(1467, 33, '0434532200015905', '0000-00-00 00:00:00'),
(1468, 33, '0434532200015129', '0000-00-00 00:00:00'),
(1469, 33, '0434532200015418', '0000-00-00 00:00:00'),
(1470, 33, '0434532200014627', '0000-00-00 00:00:00'),
(1471, 33, '0434532200015848', '0000-00-00 00:00:00'),
(1472, 33, '0434532200015319', '0000-00-00 00:00:00'),
(1473, 33, '0434532200015251', '0000-00-00 00:00:00'),
(1474, 33, '0434532200014775', '0000-00-00 00:00:00'),
(1475, 33, '0434532200015467', '0000-00-00 00:00:00'),
(1476, 33, '0434532200014692', '0000-00-00 00:00:00'),
(1477, 33, '0434532200015665', '0000-00-00 00:00:00'),
(1478, 33, '0434532200015194', '0000-00-00 00:00:00'),
(1479, 33, '0434532200015756', '0000-00-00 00:00:00'),
(1480, 33, '0434532200014965', '0000-00-00 00:00:00'),
(1481, 33, '0434532200015798', '0000-00-00 00:00:00'),
(1482, 33, '0434532200015772', '0000-00-00 00:00:00'),
(1483, 33, '0434602200036779', '0000-00-00 00:00:00'),
(1484, 33, '0434532200014833', '0000-00-00 00:00:00'),
(1485, 33, '0434532200014957', '0000-00-00 00:00:00'),
(1486, 33, '0434602200036720', '0000-00-00 00:00:00'),
(1487, 33, '0434602200036746', '0000-00-00 00:00:00'),
(1488, 33, '0434532200015095', '0000-00-00 00:00:00'),
(1489, 33, '0434532200015707', '0000-00-00 00:00:00'),
(1490, 33, '0434532200014981', '0000-00-00 00:00:00'),
(1491, 33, '0434532200014841', '0000-00-00 00:00:00'),
(1492, 33, '0434532200015368', '0000-00-00 00:00:00'),
(1493, 33, '0434532200014924', '0000-00-00 00:00:00'),
(1494, 33, '0434532200015145', '0000-00-00 00:00:00'),
(1495, 33, '0434532200015731', '0000-00-00 00:00:00'),
(1496, 33, '0434532200015517', '0000-00-00 00:00:00'),
(1497, 33, '0434532200015269', '0000-00-00 00:00:00'),
(1498, 33, '0434532200015301', '0000-00-00 00:00:00'),
(1499, 33, '0434532200015392', '0000-00-00 00:00:00'),
(1500, 33, '0434532200014817', '0000-00-00 00:00:00'),
(1501, 33, '0434532200014940', '0000-00-00 00:00:00'),
(1502, 33, '0434532200015939', '0000-00-00 00:00:00'),
(1503, 33, '0434532200015426', '0000-00-00 00:00:00'),
(1504, 33, '0434532200015582', '0000-00-00 00:00:00'),
(1505, 33, '0434532200015574', '0000-00-00 00:00:00'),
(1506, 33, '0434532200015871', '0000-00-00 00:00:00'),
(1507, 33, '0434532200014635', '0000-00-00 00:00:00'),
(1508, 33, '0434602200036753', '0000-00-00 00:00:00'),
(1509, 33, '0434532200015152', '0000-00-00 00:00:00'),
(1510, 33, '0434532200015400', '0000-00-00 00:00:00'),
(1511, 33, '0434532200014536', '0000-00-00 00:00:00'),
(1512, 33, '0434532200015202', '0000-00-00 00:00:00'),
(1513, 33, '0434532200014999', '0000-00-00 00:00:00'),
(1514, 33, '0434532200014742', '0000-00-00 00:00:00'),
(1515, 33, '0434532200014668', '0000-00-00 00:00:00'),
(1516, 33, '0434532200015780', '0000-00-00 00:00:00'),
(1517, 33, '0434532200014726', '0000-00-00 00:00:00'),
(1518, 33, '0434532200014528', '0000-00-00 00:00:00'),
(1519, 33, '0434532200015814', '0000-00-00 00:00:00'),
(1520, 33, '0434532200015491', '0000-00-00 00:00:00'),
(1521, 33, '0434532200014577', '0000-00-00 00:00:00'),
(1522, 33, '0434532200014908', '0000-00-00 00:00:00'),
(1523, 33, '0434532200014718', '0000-00-00 00:00:00'),
(1524, 33, '0434532200014874', '0000-00-00 00:00:00'),
(1525, 33, '0434532200015384', '0000-00-00 00:00:00'),
(1526, 33, '0434532200014916', '0000-00-00 00:00:00'),
(1527, 33, '0434532200015376', '0000-00-00 00:00:00'),
(1528, 33, '0434602200036795', '0000-00-00 00:00:00'),
(1529, 33, '0434532200015103', '0000-00-00 00:00:00'),
(1530, 33, '0434532200015012', '0000-00-00 00:00:00'),
(1531, 33, '0434532200014890', '0000-00-00 00:00:00'),
(1532, 33, '0434532200015178', '0000-00-00 00:00:00'),
(1533, 33, '0434532200015483', '0000-00-00 00:00:00'),
(1534, 33, '0434532200014791', '0000-00-00 00:00:00'),
(1535, 33, '0434532200015632', '0000-00-00 00:00:00'),
(1536, 33, '0434532200015640', '0000-00-00 00:00:00'),
(1537, 33, '0434532200014650', '0000-00-00 00:00:00'),
(1538, 33, '0434532200015764', '0000-00-00 00:00:00'),
(1539, 33, '0434532200015343', '0000-00-00 00:00:00'),
(1540, 33, '0434532200015087', '0000-00-00 00:00:00'),
(1541, 33, '0434532200015434', '0000-00-00 00:00:00'),
(1542, 33, '0434532200015889', '0000-00-00 00:00:00'),
(1543, 33, '0434532200014676', '0000-00-00 00:00:00'),
(1544, 33, '0434532200015079', '0000-00-00 00:00:00'),
(1545, 33, '0434532200014783', '0000-00-00 00:00:00'),
(1546, 33, '0434532200015699', '0000-00-00 00:00:00'),
(1547, 33, '0434532200015681', '0000-00-00 00:00:00'),
(1548, 33, '0434532200015566', '0000-00-00 00:00:00'),
(1549, 33, '0434532200015004', '0000-00-00 00:00:00'),
(1550, 33, '0434602200036738', '0000-00-00 00:00:00'),
(1551, 33, '0434532200015160', '0000-00-00 00:00:00'),
(1552, 33, '0434532200015038', '0000-00-00 00:00:00'),
(1553, 33, '0434532200015244', '0000-00-00 00:00:00'),
(1554, 33, '0434532200015913', '0000-00-00 00:00:00'),
(1555, 33, '0434532200015442', '0000-00-00 00:00:00'),
(1556, 33, '0434532200015830', '0000-00-00 00:00:00'),
(1557, 33, '0434532200015228', '0000-00-00 00:00:00'),
(1558, 33, '0434532200014601', '0000-00-00 00:00:00'),
(1559, 33, '0434532200014825', '0000-00-00 00:00:00'),
(1560, 33, '0434532200014619', '0000-00-00 00:00:00'),
(1561, 33, '0434532200014858', '0000-00-00 00:00:00'),
(1562, 33, '0434532200015475', '0000-00-00 00:00:00'),
(1563, 33, '0434532200015293', '0000-00-00 00:00:00'),
(1564, 33, '0434532200015558', '0000-00-00 00:00:00'),
(1565, 33, '0434532200015335', '0000-00-00 00:00:00'),
(1566, 33, '0434532200015509', '0000-00-00 00:00:00'),
(1567, 33, '0434532200015525', '0000-00-00 00:00:00'),
(1568, 33, '0434532200014767', '0000-00-00 00:00:00'),
(1569, 33, '0434532200015855', '0000-00-00 00:00:00'),
(1570, 33, '0434532200015616', '0000-00-00 00:00:00'),
(1571, 33, '0434602200036787', '0000-00-00 00:00:00'),
(1572, 33, '0434532200015863', '0000-00-00 00:00:00'),
(1573, 33, '0434532200015947', '0000-00-00 00:00:00'),
(1574, 33, '0434532200014544', '0000-00-00 00:00:00'),
(1575, 33, '0434532200015608', '0000-00-00 00:00:00'),
(1576, 33, '0434532200015822', '0000-00-00 00:00:00'),
(1577, 33, '0434532200015285', '0000-00-00 00:00:00'),
(1578, 33, '0434532200015186', '0000-00-00 00:00:00'),
(1579, 33, '0434532200014593', '0000-00-00 00:00:00'),
(1580, 33, '0434532200015541', '0000-00-00 00:00:00'),
(1581, 33, '0434532200014809', '0000-00-00 00:00:00'),
(1582, 33, '0434532200015624', '0000-00-00 00:00:00'),
(1583, 33, '0434532200015053', '0000-00-00 00:00:00'),
(1584, 33, '0434532200014759', '0000-00-00 00:00:00'),
(1585, 33, '0434532200015749', '0000-00-00 00:00:00'),
(1586, 33, '0434532200015277', '0000-00-00 00:00:00'),
(1587, 33, '0434532200015020', '0000-00-00 00:00:00'),
(1588, 33, '0434532200015459', '0000-00-00 00:00:00'),
(1589, 33, '0434532200015657', '0000-00-00 00:00:00'),
(1590, 33, '0434532200015046', '0000-00-00 00:00:00'),
(1591, 33, '0434602200036761', '0000-00-00 00:00:00'),
(1592, 33, '0434532200015350', '0000-00-00 00:00:00'),
(1593, 33, '0434532200014585', '0000-00-00 00:00:00'),
(1594, 33, '0434532200015954', '0000-00-00 00:00:00'),
(1595, 33, '0434532200015137', '0000-00-00 00:00:00'),
(1596, 33, '0434532200015210', '0000-00-00 00:00:00'),
(1597, 33, '0434532200014882', '0000-00-00 00:00:00'),
(1598, 33, '0434532200014551', '0000-00-00 00:00:00'),
(1599, 33, '0434532200015897', '0000-00-00 00:00:00'),
(1600, 33, '0434532200015715', '0000-00-00 00:00:00'),
(1601, 33, '0434532200014973', '0000-00-00 00:00:00'),
(1602, 33, '0434532200015590', '0000-00-00 00:00:00'),
(1603, 33, '0434532200014932', '0000-00-00 00:00:00'),
(1604, 33, '0434532200014866', '0000-00-00 00:00:00'),
(1605, 33, '0434532200014734', '0000-00-00 00:00:00'),
(1606, 33, '0434532200015061', '0000-00-00 00:00:00'),
(1607, 33, '0434532200015236', '0000-00-00 00:00:00'),
(1608, 33, '0434532200014643', '0000-00-00 00:00:00'),
(1609, 33, '0434532200015327', '0000-00-00 00:00:00'),
(1610, 33, '0434532200014700', '0000-00-00 00:00:00'),
(1611, 33, '0434532200014510', '0000-00-00 00:00:00'),
(1612, 33, '0434532200015111', '0000-00-00 00:00:00'),
(1613, 33, '0434532200015806', '0000-00-00 00:00:00'),
(1614, 34, '0434532200014395', '0000-00-00 00:00:00'),
(1615, 34, '0434532200014288', '0000-00-00 00:00:00'),
(1616, 34, '0434532200014221', '0000-00-00 00:00:00'),
(1617, 34, '0434532200014320', '0000-00-00 00:00:00'),
(1618, 34, '0434532200014205', '0000-00-00 00:00:00'),
(1619, 34, '0434532200014411', '0000-00-00 00:00:00'),
(1620, 34, '0434532200014403', '0000-00-00 00:00:00'),
(1621, 34, '0434532200014452', '0000-00-00 00:00:00'),
(1622, 34, '0434532200014171', '0000-00-00 00:00:00'),
(1623, 34, '0434532200014197', '0000-00-00 00:00:00'),
(1624, 34, '0434532200014213', '0000-00-00 00:00:00'),
(1625, 34, '0434532200014247', '0000-00-00 00:00:00'),
(1626, 34, '0434532200014254', '0000-00-00 00:00:00'),
(1627, 34, '0434532200014262', '0000-00-00 00:00:00'),
(1628, 34, '0434532200014304', '0000-00-00 00:00:00'),
(1629, 34, '0434532200014346', '0000-00-00 00:00:00'),
(1630, 34, '0434532200014353', '0000-00-00 00:00:00'),
(1631, 34, '0434532200014379', '0000-00-00 00:00:00'),
(1632, 34, '0434532200014387', '0000-00-00 00:00:00'),
(1633, 34, '0434532200014429', '0000-00-00 00:00:00'),
(1634, 34, '0434532200014437', '0000-00-00 00:00:00'),
(1635, 34, '0434532200014445', '0000-00-00 00:00:00'),
(1636, 34, '0434532200014478', '0000-00-00 00:00:00'),
(1637, 34, '0434532200014460', '0000-00-00 00:00:00'),
(1638, 34, '0434532200014486', '0000-00-00 00:00:00'),
(1639, 34, '0434532200014239', '0000-00-00 00:00:00'),
(1640, 34, '0434532200014270', '0000-00-00 00:00:00'),
(1641, 34, '0434532200014296', '0000-00-00 00:00:00'),
(1642, 34, '0434532200014361', '0000-00-00 00:00:00'),
(1643, 34, '0434532200014189', '0000-00-00 00:00:00'),
(1644, 34, '0434532200014312', '0000-00-00 00:00:00'),
(1645, 34, '0434532200014338', '0000-00-00 00:00:00'),
(1646, 34, '0434532200014494', '0000-00-00 00:00:00'),
(1647, 35, '0930842200007383', '0000-00-00 00:00:00'),
(1648, 35, '0930842200007490', '0000-00-00 00:00:00'),
(1649, 35, '0930842200007433', '0000-00-00 00:00:00'),
(1650, 35, '0930842200007391', '0000-00-00 00:00:00'),
(1651, 35, '0930842200007409', '0000-00-00 00:00:00'),
(1652, 35, '0930842200007417', '0000-00-00 00:00:00'),
(1653, 35, '0930842200007441', '0000-00-00 00:00:00'),
(1654, 35, '0930842200007458', '0000-00-00 00:00:00'),
(1655, 35, '0930842200007466', '0000-00-00 00:00:00'),
(1656, 35, '0930842200007482', '0000-00-00 00:00:00'),
(1657, 35, '0930842200007508', '0000-00-00 00:00:00'),
(1658, 35, '0930842200007516', '0000-00-00 00:00:00'),
(1659, 35, '0930842200007540', '0000-00-00 00:00:00'),
(1660, 35, '0930842200007557', '0000-00-00 00:00:00'),
(1661, 35, '0930842200007565', '0000-00-00 00:00:00'),
(1662, 35, '0930842200007573', '0000-00-00 00:00:00'),
(1663, 35, '0930842200007581', '0000-00-00 00:00:00'),
(1664, 35, '0930842200007532', '0000-00-00 00:00:00'),
(1665, 35, '0930842200007474', '0000-00-00 00:00:00'),
(1666, 35, '0930842200007425', '0000-00-00 00:00:00'),
(1667, 35, '0930842200007524', '0000-00-00 00:00:00'),
(1668, 35, '0930842200007789', '0000-00-00 00:00:00'),
(1669, 35, '0930842200007813', '0000-00-00 00:00:00'),
(1670, 35, '0930842200008894', '0000-00-00 00:00:00'),
(1671, 35, '0930842200008381', '0000-00-00 00:00:00'),
(1672, 35, '0930842200008977', '0000-00-00 00:00:00'),
(1673, 35, '0930842200007698', '0000-00-00 00:00:00'),
(1674, 35, '0930842200008316', '0000-00-00 00:00:00'),
(1675, 35, '0930842200008811', '0000-00-00 00:00:00'),
(1676, 35, '0930842200009488', '0000-00-00 00:00:00'),
(1677, 35, '0930912200001783', '0000-00-00 00:00:00'),
(1678, 35, '0930842200008753', '0000-00-00 00:00:00'),
(1679, 35, '0930842200007623', '0000-00-00 00:00:00'),
(1680, 35, '0930842200009173', '0000-00-00 00:00:00'),
(1681, 35, '0930842200008035', '0000-00-00 00:00:00'),
(1682, 35, '0930842200007862', '0000-00-00 00:00:00'),
(1683, 35, '0930842200008555', '0000-00-00 00:00:00'),
(1684, 35, '0930842200009306', '0000-00-00 00:00:00'),
(1685, 35, '0930842200009322', '0000-00-00 00:00:00'),
(1686, 35, '0930842200008449', '0000-00-00 00:00:00'),
(1687, 35, '0930842200007953', '0000-00-00 00:00:00'),
(1688, 35, '0930842200007870', '0000-00-00 00:00:00'),
(1689, 35, '0930842200009017', '0000-00-00 00:00:00'),
(1690, 35, '0930842200008324', '0000-00-00 00:00:00'),
(1691, 35, '0930842200008068', '0000-00-00 00:00:00'),
(1692, 35, '0930842200008878', '0000-00-00 00:00:00'),
(1693, 35, '0930842200008233', '0000-00-00 00:00:00'),
(1694, 35, '0930842200008399', '0000-00-00 00:00:00'),
(1695, 35, '0930842200007672', '0000-00-00 00:00:00'),
(1696, 35, '0930842200008779', '0000-00-00 00:00:00'),
(1697, 35, '0930842200008738', '0000-00-00 00:00:00'),
(1698, 35, '0930842200008506', '0000-00-00 00:00:00'),
(1699, 35, '0930912200001775', '0000-00-00 00:00:00'),
(1700, 35, '0930842200009074', '0000-00-00 00:00:00'),
(1701, 35, '0930842200008456', '0000-00-00 00:00:00'),
(1702, 35, '0930842200007995', '0000-00-00 00:00:00'),
(1703, 35, '0930842200008191', '0000-00-00 00:00:00'),
(1704, 35, '0930842200007599', '0000-00-00 00:00:00'),
(1705, 35, '0930842200008795', '0000-00-00 00:00:00'),
(1706, 35, '0930842200008910', '0000-00-00 00:00:00'),
(1707, 35, '0930842200007730', '0000-00-00 00:00:00'),
(1708, 35, '0930842200008571', '0000-00-00 00:00:00'),
(1709, 35, '0930842200008282', '0000-00-00 00:00:00'),
(1710, 35, '0930842200009314', '0000-00-00 00:00:00'),
(1711, 35, '0930842200008001', '0000-00-00 00:00:00'),
(1712, 35, '0930842200007938', '0000-00-00 00:00:00'),
(1713, 35, '0930842200009108', '0000-00-00 00:00:00'),
(1714, 35, '0930842200008126', '0000-00-00 00:00:00'),
(1715, 35, '0930842200008043', '0000-00-00 00:00:00'),
(1716, 35, '0930842200008670', '0000-00-00 00:00:00'),
(1717, 35, '0930842200007755', '0000-00-00 00:00:00'),
(1718, 35, '0930842200009181', '0000-00-00 00:00:00'),
(1719, 35, '0930842200008696', '0000-00-00 00:00:00'),
(1720, 35, '0930842200009199', '0000-00-00 00:00:00'),
(1721, 35, '0930842200008258', '0000-00-00 00:00:00'),
(1722, 35, '0930842200009454', '0000-00-00 00:00:00'),
(1723, 35, '0930842200007805', '0000-00-00 00:00:00'),
(1724, 35, '0930842200007904', '0000-00-00 00:00:00'),
(1725, 35, '0930842200007797', '0000-00-00 00:00:00'),
(1726, 35, '0930842200009231', '0000-00-00 00:00:00'),
(1727, 35, '0930842200009371', '0000-00-00 00:00:00'),
(1728, 35, '0930842200009116', '0000-00-00 00:00:00'),
(1729, 35, '0930842200009256', '0000-00-00 00:00:00'),
(1730, 35, '0930842200008837', '0000-00-00 00:00:00'),
(1731, 35, '0930842200009462', '0000-00-00 00:00:00'),
(1732, 35, '0930842200007763', '0000-00-00 00:00:00'),
(1733, 35, '0930842200008183', '0000-00-00 00:00:00'),
(1734, 35, '0930842200008993', '0000-00-00 00:00:00'),
(1735, 35, '0930842200009405', '0000-00-00 00:00:00'),
(1736, 35, '0930842200007680', '0000-00-00 00:00:00'),
(1737, 35, '0930842200008159', '0000-00-00 00:00:00'),
(1738, 35, '0930842200009124', '0000-00-00 00:00:00'),
(1739, 35, '0930842200007920', '0000-00-00 00:00:00'),
(1740, 35, '0930842200008209', '0000-00-00 00:00:00'),
(1741, 35, '0930842200009546', '0000-00-00 00:00:00'),
(1742, 35, '0930842200007896', '0000-00-00 00:00:00'),
(1743, 35, '0930912200001825', '0000-00-00 00:00:00'),
(1744, 35, '0930842200008423', '0000-00-00 00:00:00'),
(1745, 35, '0930842200009264', '0000-00-00 00:00:00'),
(1746, 35, '0930842200009215', '0000-00-00 00:00:00'),
(1747, 35, '0930842200008142', '0000-00-00 00:00:00'),
(1748, 35, '0930842200009504', '0000-00-00 00:00:00'),
(1749, 35, '0930842200008019', '0000-00-00 00:00:00'),
(1750, 35, '0930842200008472', '0000-00-00 00:00:00'),
(1751, 35, '0930842200008076', '0000-00-00 00:00:00'),
(1752, 35, '0930842200009041', '0000-00-00 00:00:00'),
(1753, 35, '0930842200008944', '0000-00-00 00:00:00'),
(1754, 35, '0930842200008597', '0000-00-00 00:00:00'),
(1755, 35, '0930842200008365', '0000-00-00 00:00:00'),
(1756, 35, '0930842200009033', '0000-00-00 00:00:00'),
(1757, 35, '0930842200007714', '0000-00-00 00:00:00'),
(1758, 35, '0930842200009058', '0000-00-00 00:00:00'),
(1759, 35, '0930842200008514', '0000-00-00 00:00:00'),
(1760, 35, '0930842200009397', '0000-00-00 00:00:00'),
(1761, 35, '0930842200008985', '0000-00-00 00:00:00'),
(1762, 35, '0930842200008084', '0000-00-00 00:00:00'),
(1763, 35, '0930842200008662', '0000-00-00 00:00:00'),
(1764, 35, '0930842200009348', '0000-00-00 00:00:00'),
(1765, 35, '0930842200008530', '0000-00-00 00:00:00'),
(1766, 35, '0930842200007854', '0000-00-00 00:00:00'),
(1767, 35, '0930842200007979', '0000-00-00 00:00:00'),
(1768, 35, '0930842200009389', '0000-00-00 00:00:00'),
(1769, 35, '0930842200008936', '0000-00-00 00:00:00'),
(1770, 35, '0930842200009009', '0000-00-00 00:00:00'),
(1771, 35, '0930842200007722', '0000-00-00 00:00:00'),
(1772, 35, '0930842200007839', '0000-00-00 00:00:00'),
(1773, 35, '0930842200008464', '0000-00-00 00:00:00'),
(1774, 35, '0930842200007706', '0000-00-00 00:00:00'),
(1775, 35, '0930842200007821', '0000-00-00 00:00:00'),
(1776, 35, '0930842200008118', '0000-00-00 00:00:00'),
(1777, 35, '0930842200009207', '0000-00-00 00:00:00'),
(1778, 35, '0930842200009330', '0000-00-00 00:00:00'),
(1779, 35, '0930842200007649', '0000-00-00 00:00:00'),
(1780, 35, '0930842200009223', '0000-00-00 00:00:00'),
(1781, 35, '0930842200008621', '0000-00-00 00:00:00'),
(1782, 35, '0930842200009421', '0000-00-00 00:00:00'),
(1783, 35, '0930842200008605', '0000-00-00 00:00:00'),
(1784, 35, '0930842200009439', '0000-00-00 00:00:00'),
(1785, 35, '0930842200009447', '0000-00-00 00:00:00'),
(1786, 35, '0930842200009355', '0000-00-00 00:00:00'),
(1787, 35, '0930842200008522', '0000-00-00 00:00:00'),
(1788, 35, '0930842200009090', '0000-00-00 00:00:00'),
(1789, 35, '0930842200008308', '0000-00-00 00:00:00'),
(1790, 35, '0930842200009470', '0000-00-00 00:00:00'),
(1791, 35, '0930912200001791', '0000-00-00 00:00:00'),
(1792, 35, '0930842200008241', '0000-00-00 00:00:00'),
(1793, 35, '0930842200008647', '0000-00-00 00:00:00'),
(1794, 35, '0930842200008563', '0000-00-00 00:00:00'),
(1795, 35, '0930842200008548', '0000-00-00 00:00:00'),
(1796, 35, '0930842200009538', '0000-00-00 00:00:00'),
(1797, 35, '0930842200008589', '0000-00-00 00:00:00'),
(1798, 35, '0930842200008290', '0000-00-00 00:00:00'),
(1799, 35, '0930842200007748', '0000-00-00 00:00:00'),
(1800, 35, '0930842200009280', '0000-00-00 00:00:00'),
(1801, 35, '0930842200009520', '0000-00-00 00:00:00'),
(1802, 35, '0930842200008845', '0000-00-00 00:00:00'),
(1803, 35, '0930842200007946', '0000-00-00 00:00:00'),
(1804, 35, '0930842200009132', '0000-00-00 00:00:00'),
(1805, 35, '0930842200008761', '0000-00-00 00:00:00'),
(1806, 35, '0930842200009082', '0000-00-00 00:00:00'),
(1807, 35, '0930842200009025', '0000-00-00 00:00:00'),
(1808, 35, '0930842200008787', '0000-00-00 00:00:00'),
(1809, 35, '0930842200007656', '0000-00-00 00:00:00'),
(1810, 35, '0930842200008688', '0000-00-00 00:00:00'),
(1811, 35, '0930842200007771', '0000-00-00 00:00:00'),
(1812, 35, '0930842200009165', '0000-00-00 00:00:00'),
(1813, 35, '0930842200009272', '0000-00-00 00:00:00'),
(1814, 35, '0930842200008704', '0000-00-00 00:00:00'),
(1815, 35, '0930842200007987', '0000-00-00 00:00:00'),
(1816, 35, '0930842200008134', '0000-00-00 00:00:00'),
(1817, 35, '0930842200007912', '0000-00-00 00:00:00'),
(1818, 35, '0930842200008613', '0000-00-00 00:00:00'),
(1819, 35, '0930842200008852', '0000-00-00 00:00:00'),
(1820, 35, '0930842200007664', '0000-00-00 00:00:00'),
(1821, 35, '0930842200008175', '0000-00-00 00:00:00'),
(1822, 35, '0930842200008969', '0000-00-00 00:00:00'),
(1823, 35, '0930842200008100', '0000-00-00 00:00:00'),
(1824, 35, '0930842200008746', '0000-00-00 00:00:00'),
(1825, 35, '0930842200009363', '0000-00-00 00:00:00'),
(1826, 35, '0930842200008050', '0000-00-00 00:00:00'),
(1827, 35, '0930842200008928', '0000-00-00 00:00:00'),
(1828, 35, '0930842200008225', '0000-00-00 00:00:00'),
(1829, 35, '0930842200009066', '0000-00-00 00:00:00'),
(1830, 35, '0930842200008886', '0000-00-00 00:00:00'),
(1831, 35, '0930912200001767', '0000-00-00 00:00:00'),
(1832, 35, '0930842200009553', '0000-00-00 00:00:00'),
(1833, 35, '0930842200009496', '0000-00-00 00:00:00'),
(1834, 35, '0930842200008373', '0000-00-00 00:00:00'),
(1835, 35, '0930842200009413', '0000-00-00 00:00:00'),
(1836, 35, '0930912200001817', '0000-00-00 00:00:00'),
(1837, 35, '0930842200008217', '0000-00-00 00:00:00'),
(1838, 35, '0930842200008498', '0000-00-00 00:00:00'),
(1839, 35, '0930842200008712', '0000-00-00 00:00:00'),
(1840, 35, '0930842200008092', '0000-00-00 00:00:00'),
(1841, 35, '0930842200007847', '0000-00-00 00:00:00'),
(1842, 35, '0930842200007607', '0000-00-00 00:00:00'),
(1843, 35, '0930842200009298', '0000-00-00 00:00:00'),
(1844, 35, '0930842200009157', '0000-00-00 00:00:00'),
(1845, 35, '0930842200008902', '0000-00-00 00:00:00'),
(1846, 35, '0930842200008720', '0000-00-00 00:00:00'),
(1847, 35, '0930842200008027', '0000-00-00 00:00:00'),
(1848, 35, '0930842200007888', '0000-00-00 00:00:00'),
(1849, 35, '0930842200008415', '0000-00-00 00:00:00'),
(1850, 35, '0930842200008332', '0000-00-00 00:00:00'),
(1851, 35, '0930842200008639', '0000-00-00 00:00:00'),
(1852, 35, '0930842200008860', '0000-00-00 00:00:00'),
(1853, 35, '0930912200001809', '0000-00-00 00:00:00'),
(1854, 35, '0930842200008829', '0000-00-00 00:00:00'),
(1855, 35, '0930842200008274', '0000-00-00 00:00:00'),
(1856, 35, '0930842200008407', '0000-00-00 00:00:00'),
(1857, 35, '0930842200008431', '0000-00-00 00:00:00'),
(1858, 35, '0930842200008357', '0000-00-00 00:00:00'),
(1859, 35, '0930842200008803', '0000-00-00 00:00:00'),
(1860, 35, '0930842200008340', '0000-00-00 00:00:00'),
(1861, 35, '0930842200008167', '0000-00-00 00:00:00'),
(1862, 35, '0930842200009140', '0000-00-00 00:00:00'),
(1863, 35, '0930842200007631', '0000-00-00 00:00:00'),
(1864, 35, '0930842200008266', '0000-00-00 00:00:00'),
(1865, 35, '0930842200008654', '0000-00-00 00:00:00'),
(1866, 35, '0930842200007615', '0000-00-00 00:00:00'),
(1867, 35, '0930842200008951', '0000-00-00 00:00:00'),
(1868, 35, '0930842200009512', '0000-00-00 00:00:00'),
(1869, 35, '0930842200007961', '0000-00-00 00:00:00'),
(1870, 35, '0930842200008480', '0000-00-00 00:00:00'),
(1871, 35, '0930842200009249', '0000-00-00 00:00:00'),
(1872, 36, '4727892200006124', '0000-00-00 00:00:00'),
(1873, 36, '4727892200006306', '0000-00-00 00:00:00'),
(1874, 36, '4727892200006090', '0000-00-00 00:00:00'),
(1875, 36, '4727892200006082', '0000-00-00 00:00:00'),
(1876, 36, '4727892200006116', '0000-00-00 00:00:00'),
(1877, 36, '4727892200006199', '0000-00-00 00:00:00'),
(1878, 36, '4727892200006165', '0000-00-00 00:00:00'),
(1879, 36, '4727892200006181', '0000-00-00 00:00:00'),
(1880, 36, '4727892200006207', '0000-00-00 00:00:00'),
(1881, 36, '4727892200006215', '0000-00-00 00:00:00'),
(1882, 36, '4727892200006223', '0000-00-00 00:00:00'),
(1883, 36, '4727892200006140', '0000-00-00 00:00:00'),
(1884, 36, '4727892200006231', '0000-00-00 00:00:00'),
(1885, 36, '4727892200006249', '0000-00-00 00:00:00'),
(1886, 36, '4727892200006256', '0000-00-00 00:00:00'),
(1887, 36, '4727892200006272', '0000-00-00 00:00:00'),
(1888, 36, '4727892200006280', '0000-00-00 00:00:00'),
(1889, 36, '4727892200006132', '0000-00-00 00:00:00'),
(1890, 36, '4727892200006298', '0000-00-00 00:00:00'),
(1891, 36, '4727892200006108', '0000-00-00 00:00:00'),
(1892, 36, '4727892200006314', '0000-00-00 00:00:00'),
(1893, 36, '4727892200006322', '0000-00-00 00:00:00'),
(1894, 36, '4727892200006348', '0000-00-00 00:00:00'),
(1895, 36, '4727892200006157', '0000-00-00 00:00:00'),
(1896, 36, '4727892200006173', '0000-00-00 00:00:00'),
(1897, 36, '4727892200006264', '0000-00-00 00:00:00'),
(1898, 36, '4727892200006330', '0000-00-00 00:00:00'),
(1899, 36, '4727892200006611', '0000-00-00 00:00:00'),
(1900, 36, '4727892200006710', '0000-00-00 00:00:00'),
(1901, 36, '4727892200006801', '0000-00-00 00:00:00'),
(1902, 36, '4727892200007775', '0000-00-00 00:00:00'),
(1903, 36, '4727892200007221', '0000-00-00 00:00:00'),
(1904, 36, '4727892200006397', '0000-00-00 00:00:00'),
(1905, 36, '4727892200006512', '0000-00-00 00:00:00');
INSERT INTO `tec_detail_travel_document` (`id`, `travel_document_id`, `awb`, `created_at`) VALUES
(1906, 36, '4727892200006439', '0000-00-00 00:00:00'),
(1907, 36, '4727892200006678', '0000-00-00 00:00:00'),
(1908, 36, '4727892200007593', '0000-00-00 00:00:00'),
(1909, 36, '4727892200006975', '0000-00-00 00:00:00'),
(1910, 36, '4727892200006371', '0000-00-00 00:00:00'),
(1911, 36, '4727892200007015', '0000-00-00 00:00:00'),
(1912, 36, '4727892200007403', '0000-00-00 00:00:00'),
(1913, 36, '4727892200007213', '0000-00-00 00:00:00'),
(1914, 36, '4727892200007551', '0000-00-00 00:00:00'),
(1915, 36, '4727892200006744', '0000-00-00 00:00:00'),
(1916, 36, '4727892200006447', '0000-00-00 00:00:00'),
(1917, 36, '4727892200007452', '0000-00-00 00:00:00'),
(1918, 36, '4727892200006462', '0000-00-00 00:00:00'),
(1919, 36, '4727892200007718', '0000-00-00 00:00:00'),
(1920, 36, '4727962200001993', '0000-00-00 00:00:00'),
(1921, 36, '4727892200007858', '0000-00-00 00:00:00'),
(1922, 36, '4727892200006355', '0000-00-00 00:00:00'),
(1923, 36, '4727892200007080', '0000-00-00 00:00:00'),
(1924, 36, '4727892200006934', '0000-00-00 00:00:00'),
(1925, 36, '4727892200006587', '0000-00-00 00:00:00'),
(1926, 36, '4727892200007502', '0000-00-00 00:00:00'),
(1927, 36, '4727892200006363', '0000-00-00 00:00:00'),
(1928, 36, '4727892200007114', '0000-00-00 00:00:00'),
(1929, 36, '4727892200007155', '0000-00-00 00:00:00'),
(1930, 36, '4727892200007163', '0000-00-00 00:00:00'),
(1931, 36, '4727892200006595', '0000-00-00 00:00:00'),
(1932, 36, '4727892200006959', '0000-00-00 00:00:00'),
(1933, 36, '4727892200007890', '0000-00-00 00:00:00'),
(1934, 36, '4727892200007296', '0000-00-00 00:00:00'),
(1935, 36, '4727892200007494', '0000-00-00 00:00:00'),
(1936, 36, '4727892200007486', '0000-00-00 00:00:00'),
(1937, 36, '4727892200007304', '0000-00-00 00:00:00'),
(1938, 36, '4727892200007312', '0000-00-00 00:00:00'),
(1939, 36, '4727892200007429', '0000-00-00 00:00:00'),
(1940, 36, '4727892200007395', '0000-00-00 00:00:00'),
(1941, 36, '4727892200007346', '0000-00-00 00:00:00'),
(1942, 36, '4727892200007866', '0000-00-00 00:00:00'),
(1943, 36, '4727892200006702', '0000-00-00 00:00:00'),
(1944, 36, '4727892200007262', '0000-00-00 00:00:00'),
(1945, 36, '4727892200006645', '0000-00-00 00:00:00'),
(1946, 36, '4727892200006793', '0000-00-00 00:00:00'),
(1947, 36, '4727892200007056', '0000-00-00 00:00:00'),
(1948, 36, '4727892200007411', '0000-00-00 00:00:00'),
(1949, 36, '4727892200006470', '0000-00-00 00:00:00'),
(1950, 36, '4727892200007759', '0000-00-00 00:00:00'),
(1951, 36, '4727892200006553', '0000-00-00 00:00:00'),
(1952, 36, '4727892200007726', '0000-00-00 00:00:00'),
(1953, 36, '4727892200007692', '0000-00-00 00:00:00'),
(1954, 36, '4727892200006538', '0000-00-00 00:00:00'),
(1955, 36, '4727962200002017', '0000-00-00 00:00:00'),
(1956, 36, '4727892200007171', '0000-00-00 00:00:00'),
(1957, 36, '4727892200007700', '0000-00-00 00:00:00'),
(1958, 36, '4727892200006413', '0000-00-00 00:00:00'),
(1959, 36, '4727892200007544', '0000-00-00 00:00:00'),
(1960, 36, '4727892200007361', '0000-00-00 00:00:00'),
(1961, 36, '4727892200006926', '0000-00-00 00:00:00'),
(1962, 36, '4727892200007841', '0000-00-00 00:00:00'),
(1963, 36, '4727892200007817', '0000-00-00 00:00:00'),
(1964, 36, '4727892200007882', '0000-00-00 00:00:00'),
(1965, 36, '4727892200007023', '0000-00-00 00:00:00'),
(1966, 36, '4727892200007130', '0000-00-00 00:00:00'),
(1967, 36, '4727892200007791', '0000-00-00 00:00:00'),
(1968, 36, '4727892200007585', '0000-00-00 00:00:00'),
(1969, 36, '4727892200006991', '0000-00-00 00:00:00'),
(1970, 36, '4727892200007445', '0000-00-00 00:00:00'),
(1971, 36, '4727892200007098', '0000-00-00 00:00:00'),
(1972, 36, '4727892200006892', '0000-00-00 00:00:00'),
(1973, 36, '4727892200006546', '0000-00-00 00:00:00'),
(1974, 36, '4727892200006660', '0000-00-00 00:00:00'),
(1975, 36, '4727892200007577', '0000-00-00 00:00:00'),
(1976, 36, '4727892200006843', '0000-00-00 00:00:00'),
(1977, 36, '4727892200006728', '0000-00-00 00:00:00'),
(1978, 36, '4727892200006488', '0000-00-00 00:00:00'),
(1979, 36, '4727892200007205', '0000-00-00 00:00:00'),
(1980, 36, '4727892200006876', '0000-00-00 00:00:00'),
(1981, 36, '4727892200006637', '0000-00-00 00:00:00'),
(1982, 36, '4727892200006785', '0000-00-00 00:00:00'),
(1983, 36, '4727892200007106', '0000-00-00 00:00:00'),
(1984, 36, '4727892200007536', '0000-00-00 00:00:00'),
(1985, 36, '4727892200007742', '0000-00-00 00:00:00'),
(1986, 36, '4727892200007825', '0000-00-00 00:00:00'),
(1987, 36, '4727892200006884', '0000-00-00 00:00:00'),
(1988, 36, '4727892200007619', '0000-00-00 00:00:00'),
(1989, 36, '4727962200001985', '0000-00-00 00:00:00'),
(1990, 36, '4727892200007783', '0000-00-00 00:00:00'),
(1991, 36, '4727892200006389', '0000-00-00 00:00:00'),
(1992, 36, '4727892200007064', '0000-00-00 00:00:00'),
(1993, 36, '4727892200006579', '0000-00-00 00:00:00'),
(1994, 36, '4727892200006496', '0000-00-00 00:00:00'),
(1995, 36, '4727892200007031', '0000-00-00 00:00:00'),
(1996, 36, '4727892200006777', '0000-00-00 00:00:00'),
(1997, 36, '4727892200007874', '0000-00-00 00:00:00'),
(1998, 36, '4727892200007668', '0000-00-00 00:00:00'),
(1999, 36, '4727892200007627', '0000-00-00 00:00:00'),
(2000, 36, '4727892200007254', '0000-00-00 00:00:00'),
(2001, 36, '4727892200007767', '0000-00-00 00:00:00'),
(2002, 36, '4727892200006454', '0000-00-00 00:00:00'),
(2003, 36, '4727962200001977', '0000-00-00 00:00:00'),
(2004, 36, '4727892200007908', '0000-00-00 00:00:00'),
(2005, 36, '4727892200006520', '0000-00-00 00:00:00'),
(2006, 36, '4727892200006561', '0000-00-00 00:00:00'),
(2007, 36, '4727892200006686', '0000-00-00 00:00:00'),
(2008, 36, '4727892200007833', '0000-00-00 00:00:00'),
(2009, 36, '4727892200007007', '0000-00-00 00:00:00'),
(2010, 36, '4727892200006694', '0000-00-00 00:00:00'),
(2011, 36, '4727892200007643', '0000-00-00 00:00:00'),
(2012, 36, '4727892200007916', '0000-00-00 00:00:00'),
(2013, 36, '4727892200006967', '0000-00-00 00:00:00'),
(2014, 36, '4727892200007734', '0000-00-00 00:00:00'),
(2015, 36, '4727892200007601', '0000-00-00 00:00:00'),
(2016, 36, '4727892200006629', '0000-00-00 00:00:00'),
(2017, 36, '4727892200007569', '0000-00-00 00:00:00'),
(2018, 36, '4727892200006835', '0000-00-00 00:00:00'),
(2019, 36, '4727892200007320', '0000-00-00 00:00:00'),
(2020, 36, '4727892200006983', '0000-00-00 00:00:00'),
(2021, 36, '4727892200007478', '0000-00-00 00:00:00'),
(2022, 36, '4727892200007049', '0000-00-00 00:00:00'),
(2023, 36, '4727892200006900', '0000-00-00 00:00:00'),
(2024, 36, '4727892200006504', '0000-00-00 00:00:00'),
(2025, 36, '4727892200007072', '0000-00-00 00:00:00'),
(2026, 36, '4727892200007122', '0000-00-00 00:00:00'),
(2027, 36, '4727892200006868', '0000-00-00 00:00:00'),
(2028, 36, '4727892200007247', '0000-00-00 00:00:00'),
(2029, 36, '4727892200007270', '0000-00-00 00:00:00'),
(2030, 36, '4727962200002009', '0000-00-00 00:00:00'),
(2031, 36, '4727892200007809', '0000-00-00 00:00:00'),
(2032, 36, '4727892200007239', '0000-00-00 00:00:00'),
(2033, 36, '4727892200006603', '0000-00-00 00:00:00'),
(2034, 36, '4727892200006652', '0000-00-00 00:00:00'),
(2035, 36, '4727892200007510', '0000-00-00 00:00:00'),
(2036, 36, '4727892200007338', '0000-00-00 00:00:00'),
(2037, 36, '4727962200001969', '0000-00-00 00:00:00'),
(2038, 36, '4727892200007387', '0000-00-00 00:00:00'),
(2039, 36, '4727892200007288', '0000-00-00 00:00:00'),
(2040, 36, '4727892200007684', '0000-00-00 00:00:00'),
(2041, 36, '4727892200007148', '0000-00-00 00:00:00'),
(2042, 36, '4727892200006918', '0000-00-00 00:00:00'),
(2043, 36, '4727892200007437', '0000-00-00 00:00:00'),
(2044, 36, '4727892200006850', '0000-00-00 00:00:00'),
(2045, 36, '4727892200006819', '0000-00-00 00:00:00'),
(2046, 36, '4727892200007650', '0000-00-00 00:00:00'),
(2047, 36, '4727892200006751', '0000-00-00 00:00:00'),
(2048, 36, '4727892200007379', '0000-00-00 00:00:00'),
(2049, 36, '4727892200006769', '0000-00-00 00:00:00'),
(2050, 36, '4727892200006421', '0000-00-00 00:00:00'),
(2051, 36, '4727892200007189', '0000-00-00 00:00:00'),
(2052, 36, '4727892200006827', '0000-00-00 00:00:00'),
(2053, 36, '4727892200006942', '0000-00-00 00:00:00'),
(2054, 36, '4727892200007528', '0000-00-00 00:00:00'),
(2055, 36, '4727892200006405', '0000-00-00 00:00:00'),
(2056, 36, '4727892200006736', '0000-00-00 00:00:00'),
(2057, 36, '4727892200007676', '0000-00-00 00:00:00'),
(2058, 36, '4727892200007635', '0000-00-00 00:00:00'),
(2059, 36, '4727892200007197', '0000-00-00 00:00:00'),
(2060, 36, '4727892200007353', '0000-00-00 00:00:00'),
(2061, 36, '4727892200007460', '0000-00-00 00:00:00'),
(2062, 37, '4727892200002222', '2022-11-29 08:21:31'),
(2063, 37, '0930842200003333', '2022-11-29 08:21:31'),
(2064, 38, '0434532200015988', '2022-11-29 08:23:22'),
(2065, 38, '0434532200016002', '2022-11-29 08:23:22'),
(2066, 38, '0434532200016119', '2022-11-29 08:23:22'),
(2067, 38, '0434532200015996', '2022-11-29 08:23:22'),
(2068, 38, '0434532200016101', '2022-11-29 08:23:22'),
(2069, 38, '0434532200016010', '2022-11-29 08:23:22'),
(2070, 38, '0434532200016036', '2022-11-29 08:23:22'),
(2071, 38, '0434532200016093', '2022-11-29 08:23:22'),
(2072, 38, '0434532200016176', '2022-11-29 08:23:22'),
(2073, 38, '0434532200016135', '2022-11-29 08:23:22'),
(2074, 38, '0434532200016051', '2022-11-29 08:23:22'),
(2075, 38, '0434532200016226', '2022-11-29 08:23:22'),
(2076, 38, '0434532200016044', '2022-11-29 08:23:22'),
(2077, 38, '0434532200016069', '2022-11-29 08:23:22'),
(2078, 38, '0434532200016077', '2022-11-29 08:23:22'),
(2079, 38, '0434532200016127', '2022-11-29 08:23:22'),
(2080, 38, '0434532200016143', '2022-11-29 08:23:22'),
(2081, 38, '0434532200016184', '2022-11-29 08:23:22'),
(2082, 38, '0434532200016192', '2022-11-29 08:23:22'),
(2083, 38, '0434532200016218', '2022-11-29 08:23:22'),
(2084, 38, '0434532200016085', '2022-11-29 08:23:22'),
(2085, 38, '0434532200016028', '2022-11-29 08:23:22'),
(2086, 38, '0434532200016150', '2022-11-29 08:23:22'),
(2087, 38, '0434532200016168', '2022-11-29 08:23:22'),
(2088, 38, '0434532200016200', '2022-11-29 08:23:22'),
(2089, 38, '0434532200016788', '2022-11-29 08:23:22'),
(2090, 38, '0434532200016499', '2022-11-29 08:23:22'),
(2091, 38, '0434602200036878', '2022-11-29 08:23:22'),
(2092, 38, '0434532200016424', '2022-11-29 08:23:22'),
(2093, 38, '0434532200016390', '2022-11-29 08:23:22'),
(2094, 38, '0434532200016317', '2022-11-29 08:23:22'),
(2095, 38, '0434532200016598', '2022-11-29 08:23:22'),
(2096, 38, '0434532200016374', '2022-11-29 08:23:22'),
(2097, 38, '0434532200016275', '2022-11-29 08:23:22'),
(2098, 38, '0434532200016457', '2022-11-29 08:23:22'),
(2099, 38, '0434532200016234', '2022-11-29 08:23:22'),
(2100, 38, '0434532200016747', '2022-11-29 08:23:22'),
(2101, 38, '0434532200016523', '2022-11-29 08:23:22'),
(2102, 38, '0434532200016473', '2022-11-29 08:23:22'),
(2103, 38, '0434532200016887', '2022-11-29 08:23:22'),
(2104, 38, '0434532200016267', '2022-11-29 08:23:22'),
(2105, 38, '0434532200016564', '2022-11-29 08:23:22'),
(2106, 38, '0434532200016820', '2022-11-29 08:23:22'),
(2107, 38, '0434532200016309', '2022-11-29 08:23:22'),
(2108, 38, '0434602200036860', '2022-11-29 08:23:22'),
(2109, 38, '0434532200016762', '2022-11-29 08:23:22'),
(2110, 38, '0434532200016739', '2022-11-29 08:23:22'),
(2111, 38, '0434532200016671', '2022-11-29 08:23:22'),
(2112, 38, '0434532200016606', '2022-11-29 08:23:22'),
(2113, 38, '0434532200016549', '2022-11-29 08:23:22'),
(2114, 38, '0434532200016770', '2022-11-29 08:23:22'),
(2115, 38, '0434532200016622', '2022-11-29 08:23:22'),
(2116, 38, '0434532200016341', '2022-11-29 08:23:22'),
(2117, 38, '0434532200016440', '2022-11-29 08:23:22'),
(2118, 38, '0434532200016325', '2022-11-29 08:23:22'),
(2119, 38, '0434532200016721', '2022-11-29 08:23:22'),
(2120, 38, '0434532200016796', '2022-11-29 08:23:22'),
(2121, 38, '0434532200016846', '2022-11-29 08:23:22'),
(2122, 38, '0434532200016580', '2022-11-29 08:23:22'),
(2123, 38, '0434532200016879', '2022-11-29 08:23:22'),
(2124, 38, '0434532200016697', '2022-11-29 08:23:22'),
(2125, 38, '0434532200016515', '2022-11-29 08:23:22'),
(2126, 38, '0434532200016358', '2022-11-29 08:23:22'),
(2127, 38, '0434532200016366', '2022-11-29 08:23:22'),
(2128, 38, '0434532200016655', '2022-11-29 08:23:22'),
(2129, 38, '0434532200016689', '2022-11-29 08:23:22'),
(2130, 38, '0434532200016291', '2022-11-29 08:23:22'),
(2131, 38, '0434532200016408', '2022-11-29 08:23:22'),
(2132, 38, '0434532200016507', '2022-11-29 08:23:22'),
(2133, 38, '0434532200016242', '2022-11-29 08:23:22'),
(2134, 38, '0434532200016432', '2022-11-29 08:23:22'),
(2135, 38, '0434532200016481', '2022-11-29 08:23:22'),
(2136, 38, '0434532200016648', '2022-11-29 08:23:22'),
(2137, 38, '0434532200016754', '2022-11-29 08:23:22'),
(2138, 38, '0434532200016663', '2022-11-29 08:23:22'),
(2139, 38, '0434532200016853', '2022-11-29 08:23:22'),
(2140, 38, '0434532200016838', '2022-11-29 08:23:22'),
(2141, 38, '0434532200016572', '2022-11-29 08:23:22'),
(2142, 38, '0434602200036910', '2022-11-29 08:23:22'),
(2143, 38, '0434602200036928', '2022-11-29 08:23:22'),
(2144, 38, '0434532200016259', '2022-11-29 08:23:22'),
(2145, 38, '0434532200016804', '2022-11-29 08:23:22'),
(2146, 38, '0434602200036894', '2022-11-29 08:23:22'),
(2147, 38, '0434532200016333', '2022-11-29 08:23:22'),
(2148, 38, '0434532200016283', '2022-11-29 08:23:22'),
(2149, 38, '0434532200016416', '2022-11-29 08:23:22'),
(2150, 38, '0434602200036951', '2022-11-29 08:23:22'),
(2151, 38, '0434532200016382', '2022-11-29 08:23:22'),
(2152, 38, '0434532200016861', '2022-11-29 08:23:22'),
(2153, 38, '0434532200016630', '2022-11-29 08:23:22'),
(2154, 38, '0434602200036886', '2022-11-29 08:23:22'),
(2155, 38, '0434532200016713', '2022-11-29 08:23:22'),
(2156, 38, '0434532200016556', '2022-11-29 08:23:22'),
(2157, 38, '0434532200016812', '2022-11-29 08:23:22'),
(2158, 38, '0434602200036936', '2022-11-29 08:23:22'),
(2159, 38, '0434602200036944', '2022-11-29 08:23:22'),
(2160, 38, '0434532200016531', '2022-11-29 08:23:22'),
(2161, 38, '0434602200036902', '2022-11-29 08:23:22'),
(2162, 38, '0434532200016465', '2022-11-29 08:23:22'),
(2163, 38, '0434532200016614', '2022-11-29 08:23:22'),
(2164, 38, '0434532200016705', '2022-11-29 08:23:22'),
(2165, 39, '0930842200009801', '2022-11-29 08:31:38'),
(2166, 39, '0930842200009744', '2022-11-29 08:31:38'),
(2167, 39, '0930842200009751', '2022-11-29 08:31:38'),
(2168, 39, '0930842200009637', '2022-11-29 08:31:38'),
(2169, 39, '0930842200009785', '2022-11-29 08:31:38'),
(2170, 39, '0930842200009678', '2022-11-29 08:31:38'),
(2171, 39, '0930842200009702', '2022-11-29 08:31:38'),
(2172, 39, '0930842200009645', '2022-11-29 08:31:38'),
(2173, 39, '0930842200009652', '2022-11-29 08:31:38'),
(2174, 39, '0930842200009694', '2022-11-29 08:31:38'),
(2175, 39, '0930842200009736', '2022-11-29 08:31:38'),
(2176, 39, '0930842200009629', '2022-11-29 08:31:38'),
(2177, 39, '0930842200009660', '2022-11-29 08:31:38'),
(2178, 39, '0930842200009686', '2022-11-29 08:31:38'),
(2179, 39, '0930842200009710', '2022-11-29 08:31:38'),
(2180, 39, '0930842200009777', '2022-11-29 08:31:38'),
(2181, 39, '0930842200009793', '2022-11-29 08:31:38'),
(2182, 39, '0930842200009769', '2022-11-29 08:31:38'),
(2183, 39, '0930842200009918', '2022-11-29 08:31:38'),
(2184, 39, '0930842200010304', '2022-11-29 08:31:38'),
(2185, 39, '0930842200010056', '2022-11-29 08:31:38'),
(2186, 39, '0930842200010452', '2022-11-29 08:31:38'),
(2187, 39, '0930842200010346', '2022-11-29 08:31:38'),
(2188, 39, '0930842200009827', '2022-11-29 08:31:38'),
(2189, 39, '0930842200010411', '2022-11-29 08:31:38'),
(2190, 39, '0930842200010148', '2022-11-29 08:31:38'),
(2191, 39, '0930842200010270', '2022-11-29 08:31:38'),
(2192, 39, '0930912200001874', '2022-11-29 08:31:38'),
(2193, 39, '0930842200010072', '2022-11-29 08:31:38'),
(2194, 39, '0930842200009876', '2022-11-29 08:31:38'),
(2195, 39, '0930842200010189', '2022-11-29 08:31:38'),
(2196, 39, '0930842200009892', '2022-11-29 08:31:38'),
(2197, 39, '0930842200009975', '2022-11-29 08:31:38'),
(2198, 39, '0930842200010163', '2022-11-29 08:31:38'),
(2199, 39, '0930912200001908', '2022-11-29 08:31:38'),
(2200, 39, '0930912200001866', '2022-11-29 08:31:38'),
(2201, 39, '0930842200010395', '2022-11-29 08:31:38'),
(2202, 39, '0930842200010296', '2022-11-29 08:31:38'),
(2203, 39, '0930842200010213', '2022-11-29 08:31:38'),
(2204, 39, '0930842200010114', '2022-11-29 08:31:38'),
(2205, 39, '0930842200009926', '2022-11-29 08:31:38'),
(2206, 39, '0930912200001882', '2022-11-29 08:31:38'),
(2207, 39, '0930842200010254', '2022-11-29 08:31:38'),
(2208, 39, '0930842200010247', '2022-11-29 08:31:38'),
(2209, 39, '0930842200009819', '2022-11-29 08:31:38'),
(2210, 39, '0930842200009942', '2022-11-29 08:31:38'),
(2211, 39, '0930842200010379', '2022-11-29 08:31:38'),
(2212, 39, '0930842200010429', '2022-11-29 08:31:38'),
(2213, 39, '0930842200010031', '2022-11-29 08:31:38'),
(2214, 39, '0930842200010239', '2022-11-29 08:31:38'),
(2215, 39, '0930912200001890', '2022-11-29 08:31:38'),
(2216, 39, '0930842200010015', '2022-11-29 08:31:38'),
(2217, 39, '0930842200010437', '2022-11-29 08:31:38'),
(2218, 39, '0930912200001924', '2022-11-29 08:31:38'),
(2219, 39, '0930842200010049', '2022-11-29 08:31:38'),
(2220, 39, '0930842200009850', '2022-11-29 08:31:38'),
(2221, 39, '0930912200001858', '2022-11-29 08:31:38'),
(2222, 39, '0930912200001841', '2022-11-29 08:31:38'),
(2223, 39, '0930842200010171', '2022-11-29 08:31:38'),
(2224, 39, '0930842200010155', '2022-11-29 08:31:38'),
(2225, 39, '0930842200010007', '2022-11-29 08:31:38'),
(2226, 39, '0930842200010080', '2022-11-29 08:31:38'),
(2227, 39, '0930842200009959', '2022-11-29 08:31:38'),
(2228, 39, '0930842200009884', '2022-11-29 08:31:38'),
(2229, 39, '0930842200010387', '2022-11-29 08:31:38'),
(2230, 39, '0930842200010262', '2022-11-29 08:31:38'),
(2231, 39, '0930842200010197', '2022-11-29 08:31:38'),
(2232, 39, '0930842200010098', '2022-11-29 08:31:38'),
(2233, 39, '0930842200010312', '2022-11-29 08:31:38'),
(2234, 39, '0930842200010205', '2022-11-29 08:31:38'),
(2235, 39, '0930842200009835', '2022-11-29 08:31:38'),
(2236, 39, '0930842200010403', '2022-11-29 08:31:38'),
(2237, 39, '0930842200010122', '2022-11-29 08:31:38'),
(2238, 39, '0930842200010353', '2022-11-29 08:31:38'),
(2239, 39, '0930842200009983', '2022-11-29 08:31:38'),
(2240, 39, '0930842200010288', '2022-11-29 08:31:38'),
(2241, 39, '0930842200010320', '2022-11-29 08:31:38'),
(2242, 39, '0930842200010106', '2022-11-29 08:31:38'),
(2243, 39, '0930842200010338', '2022-11-29 08:31:38'),
(2244, 39, '0930842200010361', '2022-11-29 08:31:38'),
(2245, 39, '0930842200010445', '2022-11-29 08:31:38'),
(2246, 39, '0930842200010221', '2022-11-29 08:31:38'),
(2247, 39, '0930842200010064', '2022-11-29 08:31:38'),
(2248, 39, '0930842200009991', '2022-11-29 08:31:38'),
(2249, 39, '0930842200009900', '2022-11-29 08:31:38'),
(2250, 39, '0930842200010130', '2022-11-29 08:31:38'),
(2251, 39, '0930842200010023', '2022-11-29 08:31:38'),
(2252, 39, '0930842200009967', '2022-11-29 08:31:38'),
(2253, 39, '0930842200009843', '2022-11-29 08:31:38'),
(2254, 39, '0930842200009868', '2022-11-29 08:31:38'),
(2255, 39, '0930912200001916', '2022-11-29 08:31:38'),
(2256, 39, '0930842200009934', '2022-11-29 08:31:38'),
(2257, 39, '0920842200012367', '2022-12-03 06:51:42');

-- --------------------------------------------------------

--
-- Table structure for table `tec_groups`
--

CREATE TABLE `tec_groups` (
  `id` mediumint(8) UNSIGNED NOT NULL,
  `name` varchar(20) NOT NULL,
  `description` varchar(100) NOT NULL
) ENGINE=InnoDB DEFAULT CHARSET=utf8 COLLATE=utf8_general_ci;

--
-- Dumping data for table `tec_groups`
--

INSERT INTO `tec_groups` (`id`, `name`, `description`) VALUES
(1, 'admin', 'Administrator'),
(2, 'staff', 'Staff member');

-- --------------------------------------------------------

--
-- Table structure for table `tec_items`
--

CREATE TABLE `tec_items` (
  `id` int(11) NOT NULL,
  `name` char(255) NOT NULL,
  `code` varchar(50) NOT NULL,
  `barcode_symbology` varchar(20) NOT NULL DEFAULT 'code39',
  `unit` varchar(255) DEFAULT NULL,
  `category_id` int(11) DEFAULT NULL,
  `alert_quantity` int(11) DEFAULT NULL,
  `image` varchar(255) NOT NULL DEFAULT 'no_image.png'
) ENGINE=InnoDB DEFAULT CHARSET=utf8 COLLATE=utf8_general_ci;

--
-- Dumping data for table `tec_items`
--

INSERT INTO `tec_items` (`id`, `name`, `code`, `barcode_symbology`, `unit`, `category_id`, `alert_quantity`, `image`) VALUES
(2, 'LUCKYMEN SERUM', '222', 'code128', 'Pcs', 1, 10, 'no_image.png'),
(3, 'LUCKYMEN CHARCOAL MASK', '333', 'code128', 'Pcs', 1, 10, 'no_image.png'),
(4, 'LUCKYMEN SLEEPING MASK', '444', 'code128', 'Pcs', 1, 10, 'no_image.png'),
(5, 'LUCKYMEN SUNSCREEN GEL', '555', 'code128', 'Pcs', 1, 10, 'no_image.png'),
(13, 'EL ROYAL MORNING SLIMMING TEA (HIJAU)', '666', 'code128', 'PCS', 2, 10, 'no_image.png'),
(14, 'EL ROYAL NIGHT SLIMMING TEA (ABU)', '777', 'code128', 'PCS', 2, 10, 'no_image.png');

-- --------------------------------------------------------

--
-- Table structure for table `tec_item_rack`
--

CREATE TABLE `tec_item_rack` (
  `id` int(11) NOT NULL,
  `item_id` int(11) DEFAULT NULL,
  `warehouse_id` int(11) DEFAULT NULL,
  `location` varchar(100) DEFAULT NULL,
  `rack_name` varchar(100) DEFAULT NULL,
  `bin` varchar(100) DEFAULT NULL COMMENT 'detail rack_name',
  `created_at` datetime NOT NULL DEFAULT current_timestamp(),
  `updated_at` datetime DEFAULT NULL,
  `deleted_at` datetime DEFAULT NULL
) ENGINE=InnoDB DEFAULT CHARSET=latin1 COLLATE=latin1_swedish_ci;

-- --------------------------------------------------------

--
-- Table structure for table `tec_item_warehouse`
--

CREATE TABLE `tec_item_warehouse` (
  `id` int(11) NOT NULL,
  `item_id` int(11) NOT NULL,
  `warehouse_id` int(11) NOT NULL,
  `quantity` int(11) NOT NULL
) ENGINE=InnoDB DEFAULT CHARSET=utf8mb4 COLLATE=utf8mb4_general_ci;

--
-- Dumping data for table `tec_item_warehouse`
--

INSERT INTO `tec_item_warehouse` (`id`, `item_id`, `warehouse_id`, `quantity`) VALUES
(1, 3, 10, 84),
(2, 4, 10, 89),
(3, 5, 10, 99),
(4, 2, 10, 619),
(7, 2, 3, 214),
(8, 3, 3, 84),
(9, 4, 3, 90),
(10, 5, 3, 99),
(13, 13, 10, 1303),
(14, 14, 10, 1304),
(15, 13, 3, 565),
(16, 14, 3, 567),
(17, 3, 2, 0),
(18, 4, 2, 0),
(19, 5, 2, 198),
(20, 2, 2, 776),
(21, 13, 2, 2320),
(22, 14, 2, 2303),
(23, 2, 7, 20);

-- --------------------------------------------------------

--
-- Table structure for table `tec_login_attempts`
--

CREATE TABLE `tec_login_attempts` (
  `id` mediumint(8) UNSIGNED NOT NULL,
  `ip_address` varbinary(16) NOT NULL,
  `login` varchar(100) NOT NULL,
  `time` int(11) UNSIGNED DEFAULT NULL
) ENGINE=InnoDB DEFAULT CHARSET=utf8 COLLATE=utf8_general_ci;

-- --------------------------------------------------------

--
-- Table structure for table `tec_sales`
--

CREATE TABLE `tec_sales` (
  `id` int(11) NOT NULL,
  `order_no` varchar(255) DEFAULT NULL,
  `awb_no` varchar(255) DEFAULT NULL,
  `warehouse_id` int(11) DEFAULT NULL,
  `no_referensi` varchar(100) DEFAULT NULL,
  `courier` varchar(30) DEFAULT NULL,
  `service` varchar(20) DEFAULT NULL,
  `type` varchar(20) DEFAULT NULL,
  `status` varchar(35) DEFAULT NULL,
  `status_packing` varchar(100) DEFAULT NULL,
  `created_date` datetime DEFAULT NULL,
  `dispatch_date` datetime DEFAULT NULL,
  `delivered_date` datetime DEFAULT NULL,
  `returned_date` datetime DEFAULT NULL,
  `package_price` varchar(20) DEFAULT NULL,
  `insurance` varchar(20) DEFAULT NULL,
  `shipping_price` varchar(20) DEFAULT NULL,
  `shipping_cashback` varchar(20) DEFAULT NULL,
  `cod_value` varchar(20) DEFAULT NULL,
  `cod_fee` varchar(20) DEFAULT NULL,
  `cod_disbursement` varchar(20) DEFAULT NULL,
  `shipper_name` varchar(40) DEFAULT NULL,
  `shipper_phone` varchar(15) DEFAULT NULL,
  `shipper_address` text DEFAULT NULL,
  `shipper_city` varchar(100) DEFAULT NULL,
  `shipper_subdistrict` varchar(100) DEFAULT NULL,
  `shipper_zip_code` smallint(5) DEFAULT NULL,
  `receiver_name` varchar(50) DEFAULT NULL,
  `receiver_phone` varchar(15) DEFAULT NULL,
  `receiver_address` text DEFAULT NULL,
  `receiver_city` varchar(100) DEFAULT NULL,
  `receiver_subdistrict` varchar(100) DEFAULT NULL,
  `receiver_zip_code` smallint(5) DEFAULT NULL,
  `goods_description` varchar(255) DEFAULT NULL,
  `quantity` mediumint(9) DEFAULT NULL,
  `weight` smallint(5) DEFAULT NULL,
  `dimension_size` varchar(20) DEFAULT NULL,
  `shipping_note` varchar(255) DEFAULT NULL,
  `last_tracking_status` varchar(50) DEFAULT NULL,
  `product_id` varchar(100) DEFAULT NULL,
  `product_quantity` varchar(100) DEFAULT NULL,
  `created_at` timestamp NOT NULL DEFAULT current_timestamp(),
  `updated_at` timestamp NULL DEFAULT NULL,
  `deleted_at` timestamp NULL DEFAULT NULL
) ENGINE=InnoDB DEFAULT CHARSET=utf8mb4 COLLATE=utf8mb4_general_ci;

--
-- Dumping data for table `tec_sales`
--

INSERT INTO `tec_sales` (`id`, `order_no`, `awb_no`, `warehouse_id`, `no_referensi`, `courier`, `service`, `type`, `status`, `status_packing`, `created_date`, `dispatch_date`, `delivered_date`, `returned_date`, `package_price`, `insurance`, `shipping_price`, `shipping_cashback`, `cod_value`, `cod_fee`, `cod_disbursement`, `shipper_name`, `shipper_phone`, `shipper_address`, `shipper_city`, `shipper_subdistrict`, `shipper_zip_code`, `receiver_name`, `receiver_phone`, `receiver_address`, `receiver_city`, `receiver_subdistrict`, `receiver_zip_code`, `goods_description`, `quantity`, `weight`, `dimension_size`, `shipping_note`, `last_tracking_status`, `product_id`, `product_quantity`, `created_at`, `updated_at`, `deleted_at`) VALUES
(1, 'TRD2022110800976', '0213382200067242', 1, '', 'JNE', 'CTC (City to City)', 'COD PICKUP', 'Menunggu Dijemput', NULL, '2022-11-08 10:51:00', '0000-00-00 00:00:00', '0000-00-00 00:00:00', '0000-00-00 00:00:00', '249000', '0', '8000', '2400', '257000', '7710', '241290', 'Rajafashion', '6281284437772', 'Sambi Sari 1 no 11 Pharmindo \nCimahi Selatan', 'Cimahi', 'Cimahi Selatan', 32767, 'Sandy Jusak', '628122018081', 'Setra Murni 1a no. 7 (masuk dari jl. Sukahaji) - Bandung, Sukasari, Sukarasa, 03/05\nKota Bandung, Sukasari\nJawa Barat, Indonesia', 'Bandung', 'Sukasari', 32767, 'celana kargo winter green army Lwi', 0, 1, '0x0x0 cm', 'dikirim sebelum jam 10 pagi', 'PICK UP FAILURE - SHIPMENT NOT READY', '222', '100', '2022-12-01 04:27:38', NULL, NULL),
(2, 'TRD2022110800976', '0213382200067242', 1, '', 'JNE', 'CTC (City to City)', 'COD PICKUP', 'Menunggu Dijemput', NULL, '2022-11-08 10:51:00', '0000-00-00 00:00:00', '0000-00-00 00:00:00', '0000-00-00 00:00:00', '249000', '0', '8000', '2400', '257000', '7710', '241290', 'Rajafashion', '6281284437772', 'Sambi Sari 1 no 11 Pharmindo \nCimahi Selatan', 'Cimahi', 'Cimahi Selatan', 32767, 'Sandy Jusak', '628122018081', 'Setra Murni 1a no. 7 (masuk dari jl. Sukahaji) - Bandung, Sukasari, Sukarasa, 03/05\nKota Bandung, Sukasari\nJawa Barat, Indonesia', 'Bandung', 'Sukasari', 32767, 'celana kargo winter green army Lwi', 0, 1, '0x0x0 cm', 'dikirim sebelum jam 10 pagi', 'PICK UP FAILURE - SHIPMENT NOT READY', '333', '200', '2022-12-01 04:27:38', NULL, NULL),
(3, 'TRD2022110800976', '0213382200067242', 1, '', 'JNE', 'CTC (City to City)', 'COD PICKUP', 'Menunggu Dijemput', NULL, '2022-11-08 10:51:00', '0000-00-00 00:00:00', '0000-00-00 00:00:00', '0000-00-00 00:00:00', '249000', '0', '8000', '2400', '257000', '7710', '241290', 'Rajafashion', '6281284437772', 'Sambi Sari 1 no 11 Pharmindo \nCimahi Selatan', 'Cimahi', 'Cimahi Selatan', 32767, 'Sandy Jusak', '628122018081', 'Setra Murni 1a no. 7 (masuk dari jl. Sukahaji) - Bandung, Sukasari, Sukarasa, 03/05\nKota Bandung, Sukasari\nJawa Barat, Indonesia', 'Bandung', 'Sukasari', 32767, 'celana kargo winter green army Lwi', 0, 1, '0x0x0 cm', 'dikirim sebelum jam 10 pagi', 'PICK UP FAILURE - SHIPMENT NOT READY', '444', '300', '2022-12-01 04:27:38', NULL, NULL),
(4, 'TRD2022110800974', '0213382200067234', 1, '', 'JNE', 'CTC (City to City)', 'COD PICKUP', 'Menunggu Dijemput', NULL, '2022-11-08 10:50:00', '0000-00-00 00:00:00', '0000-00-00 00:00:00', '0000-00-00 00:00:00', '249000', '0', '8000', '2400', '257000', '7710', '241290', 'Rajafashion', '6281284437772', 'Sambi Sari 1 no 11 Pharmindo \nCimahi Selatan', 'Cimahi', 'Cimahi Selatan', 32767, 'Mochamad Fauzi nur Ramdhan', '6281223466616', 'Toko tigamart, depan sd 7 cibogo, desa cikole\nKab. Bandung Barat, Lembang\nJawa Barat, Indonesia', 'Bandung Barat', 'Lembang', 32767, 'celana joger hitam 5L', 0, 1, '0x0x0 cm', '', 'PICK UP FAILURE - SHIPMENT NOT READY', '222', '100', '2022-12-01 04:27:38', NULL, NULL),
(5, 'TRD2022110800974', '0213382200067234', 1, '', 'JNE', 'CTC (City to City)', 'COD PICKUP', 'Menunggu Dijemput', NULL, '2022-11-08 10:50:00', '0000-00-00 00:00:00', '0000-00-00 00:00:00', '0000-00-00 00:00:00', '249000', '0', '8000', '2400', '257000', '7710', '241290', 'Rajafashion', '6281284437772', 'Sambi Sari 1 no 11 Pharmindo \nCimahi Selatan', 'Cimahi', 'Cimahi Selatan', 32767, 'Mochamad Fauzi nur Ramdhan', '6281223466616', 'Toko tigamart, depan sd 7 cibogo, desa cikole\nKab. Bandung Barat, Lembang\nJawa Barat, Indonesia', 'Bandung Barat', 'Lembang', 32767, 'celana joger hitam 5L', 0, 1, '0x0x0 cm', '', 'PICK UP FAILURE - SHIPMENT NOT READY', '333', '200', '2022-12-01 04:27:38', NULL, NULL),
(6, 'TRD2022110800974', '0213382200067234', 1, '', 'JNE', 'CTC (City to City)', 'COD PICKUP', 'Menunggu Dijemput', NULL, '2022-11-08 10:50:00', '0000-00-00 00:00:00', '0000-00-00 00:00:00', '0000-00-00 00:00:00', '249000', '0', '8000', '2400', '257000', '7710', '241290', 'Rajafashion', '6281284437772', 'Sambi Sari 1 no 11 Pharmindo \nCimahi Selatan', 'Cimahi', 'Cimahi Selatan', 32767, 'Mochamad Fauzi nur Ramdhan', '6281223466616', 'Toko tigamart, depan sd 7 cibogo, desa cikole\nKab. Bandung Barat, Lembang\nJawa Barat, Indonesia', 'Bandung Barat', 'Lembang', 32767, 'celana joger hitam 5L', 0, 1, '0x0x0 cm', '', 'PICK UP FAILURE - SHIPMENT NOT READY', '444', '300', '2022-12-01 04:27:38', NULL, NULL),
(7, 'TRD2022110800972', '0213382200067226', 1, '', 'JNE', 'Regular', 'COD PICKUP', 'Sedang Diantar', NULL, '2022-11-08 10:48:00', '0000-00-00 00:00:00', '0000-00-00 00:00:00', '0000-00-00 00:00:00', '225000', '0', '43000', '12900', '268000', '8040', '216960', 'Rajafashion', '6281284437772', 'Sambi Sari 1 no 11 Pharmindo \nCimahi Selatan', 'Cimahi', 'Cimahi Selatan', 32767, 'Abraham', '6285370366666', 'Mahkota Accesories depan sekolah smp negeri 1 Binjai\nNo 69 Binjai kota. Sumut\nKota Binjai, Binjai Kota\nSumatera Utara, Indonesia', 'Binjai', 'Binjai Kota', 20712, 'celana joger hitam M', 0, 1, '0x0x0 cm', '', 'PROCESSED AT SORTING CENTER [BANDUNG]', '222', '100', '2022-12-01 04:27:38', NULL, NULL),
(8, 'TRD2022110800972', '0213382200067226', 1, '', 'JNE', 'Regular', 'COD PICKUP', 'Sedang Diantar', NULL, '2022-11-08 10:48:00', '0000-00-00 00:00:00', '0000-00-00 00:00:00', '0000-00-00 00:00:00', '225000', '0', '43000', '12900', '268000', '8040', '216960', 'Rajafashion', '6281284437772', 'Sambi Sari 1 no 11 Pharmindo \nCimahi Selatan', 'Cimahi', 'Cimahi Selatan', 32767, 'Abraham', '6285370366666', 'Mahkota Accesories depan sekolah smp negeri 1 Binjai\nNo 69 Binjai kota. Sumut\nKota Binjai, Binjai Kota\nSumatera Utara, Indonesia', 'Binjai', 'Binjai Kota', 20712, 'celana joger hitam M', 0, 1, '0x0x0 cm', '', 'PROCESSED AT SORTING CENTER [BANDUNG]', '333', '200', '2022-12-01 04:27:38', NULL, NULL),
(9, 'TRD2022110800972', '0213382200067226', 1, '', 'JNE', 'Regular', 'COD PICKUP', 'Sedang Diantar', NULL, '2022-11-08 10:48:00', '0000-00-00 00:00:00', '0000-00-00 00:00:00', '0000-00-00 00:00:00', '225000', '0', '43000', '12900', '268000', '8040', '216960', 'Rajafashion', '6281284437772', 'Sambi Sari 1 no 11 Pharmindo \nCimahi Selatan', 'Cimahi', 'Cimahi Selatan', 32767, 'Abraham', '6285370366666', 'Mahkota Accesories depan sekolah smp negeri 1 Binjai\nNo 69 Binjai kota. Sumut\nKota Binjai, Binjai Kota\nSumatera Utara, Indonesia', 'Binjai', 'Binjai Kota', 20712, 'celana joger hitam M', 0, 1, '0x0x0 cm', '', 'PROCESSED AT SORTING CENTER [BANDUNG]', '444', '300', '2022-12-01 04:27:38', NULL, NULL),
(10, 'TRD2022110704658', '0213582200034072', 1, '', 'JNE', 'Regular', 'PICKUP', 'Menunggu Dijemput', NULL, '2022-11-07 15:30:00', '0000-00-00 00:00:00', '0000-00-00 00:00:00', '0000-00-00 00:00:00', '510000', '0', '12000', '3600', '0', '0', '510000', 'Rajafashion', '6281284437772', 'Sambi Sari 1 no 11 Pharmindo \nCimahi Selatan', 'Cimahi', 'Cimahi Selatan', 32767, 'Fadhli daud a', '6281218436382', 'Padurenan Pabuaran Cobinong, Jalan Kp Bedol, RT.6/RW.2, Pabuaran, Cibinong (Dpn TB suksesbersama), KAB. BOGOR, CIBINONG, JAWA BARAT, ID, 16916\nKab. Bogor, Cibinong\nJawa Barat, Indonesia', 'Bogor, Kab.', 'Cibinong', 16916, 'celana kargo winter hitam dan green army XL', 0, 1, '1x1x1 cm', '', 'PICK UP FAILURE - SHIPMENT NOT READY', '222', '100', '2022-12-01 04:27:38', NULL, NULL),
(11, 'TRD2022110704658', '0213582200034072', 1, '', 'JNE', 'Regular', 'PICKUP', 'Menunggu Dijemput', NULL, '2022-11-07 15:30:00', '0000-00-00 00:00:00', '0000-00-00 00:00:00', '0000-00-00 00:00:00', '510000', '0', '12000', '3600', '0', '0', '510000', 'Rajafashion', '6281284437772', 'Sambi Sari 1 no 11 Pharmindo \nCimahi Selatan', 'Cimahi', 'Cimahi Selatan', 32767, 'Fadhli daud a', '6281218436382', 'Padurenan Pabuaran Cobinong, Jalan Kp Bedol, RT.6/RW.2, Pabuaran, Cibinong (Dpn TB suksesbersama), KAB. BOGOR, CIBINONG, JAWA BARAT, ID, 16916\nKab. Bogor, Cibinong\nJawa Barat, Indonesia', 'Bogor, Kab.', 'Cibinong', 16916, 'celana kargo winter hitam dan green army XL', 0, 1, '1x1x1 cm', '', 'PICK UP FAILURE - SHIPMENT NOT READY', '333', '200', '2022-12-01 04:27:38', NULL, NULL),
(12, 'TRD2022110704658', '0213582200034072', 1, '', 'JNE', 'Regular', 'PICKUP', 'Menunggu Dijemput', NULL, '2022-11-07 15:30:00', '0000-00-00 00:00:00', '0000-00-00 00:00:00', '0000-00-00 00:00:00', '510000', '0', '12000', '3600', '0', '0', '510000', 'Rajafashion', '6281284437772', 'Sambi Sari 1 no 11 Pharmindo \nCimahi Selatan', 'Cimahi', 'Cimahi Selatan', 32767, 'Fadhli daud a', '6281218436382', 'Padurenan Pabuaran Cobinong, Jalan Kp Bedol, RT.6/RW.2, Pabuaran, Cibinong (Dpn TB suksesbersama), KAB. BOGOR, CIBINONG, JAWA BARAT, ID, 16916\nKab. Bogor, Cibinong\nJawa Barat, Indonesia', 'Bogor, Kab.', 'Cibinong', 16916, 'celana kargo winter hitam dan green army XL', 0, 1, '1x1x1 cm', '', 'PICK UP FAILURE - SHIPMENT NOT READY', '444', '300', '2022-12-01 04:27:38', NULL, NULL),
(13, 'TRD2022110704645', '0213382200066640', 1, '', 'JNE', 'Regular', 'COD PICKUP', 'Sedang Diantar', NULL, '2022-11-07 15:26:00', '0000-00-00 00:00:00', '0000-00-00 00:00:00', '0000-00-00 00:00:00', '225000', '0', '29000', '8700', '254000', '7620', '217380', 'Rajafashion', '6281284437772', 'Sambi Sari 1 no 11 Pharmindo \nCimahi Selatan', 'Cimahi', 'Cimahi Selatan', 32767, 'Dhani', '6281336664630', 'Karangwaru RT 04 RW 10 candirenggo (depan indomart)\nKab. Malang, Singosari, 65153\nJawa Timur, Indonesia', 'Malang, Kab.', 'Singosari', 32767, 'celana joger hitam M', 0, 1, '0x0x0 cm', '', 'RECEIVED AT ORIGIN GATEWAY [BANDUNG]', '222', '100', '2022-12-01 04:27:38', NULL, NULL),
(14, 'TRD2022110704645', '0213382200066640', 1, '', 'JNE', 'Regular', 'COD PICKUP', 'Sedang Diantar', NULL, '2022-11-07 15:26:00', '0000-00-00 00:00:00', '0000-00-00 00:00:00', '0000-00-00 00:00:00', '225000', '0', '29000', '8700', '254000', '7620', '217380', 'Rajafashion', '6281284437772', 'Sambi Sari 1 no 11 Pharmindo \nCimahi Selatan', 'Cimahi', 'Cimahi Selatan', 32767, 'Dhani', '6281336664630', 'Karangwaru RT 04 RW 10 candirenggo (depan indomart)\nKab. Malang, Singosari, 65153\nJawa Timur, Indonesia', 'Malang, Kab.', 'Singosari', 32767, 'celana joger hitam M', 0, 1, '0x0x0 cm', '', 'RECEIVED AT ORIGIN GATEWAY [BANDUNG]', '333', '200', '2022-12-01 04:27:38', NULL, NULL),
(15, 'TRD2022110704645', '0213382200066640', 1, '', 'JNE', 'Regular', 'COD PICKUP', 'Sedang Diantar', NULL, '2022-11-07 15:26:00', '0000-00-00 00:00:00', '0000-00-00 00:00:00', '0000-00-00 00:00:00', '225000', '0', '29000', '8700', '254000', '7620', '217380', 'Rajafashion', '6281284437772', 'Sambi Sari 1 no 11 Pharmindo \nCimahi Selatan', 'Cimahi', 'Cimahi Selatan', 32767, 'Dhani', '6281336664630', 'Karangwaru RT 04 RW 10 candirenggo (depan indomart)\nKab. Malang, Singosari, 65153\nJawa Timur, Indonesia', 'Malang, Kab.', 'Singosari', 32767, 'celana joger hitam M', 0, 1, '0x0x0 cm', '', 'RECEIVED AT ORIGIN GATEWAY [BANDUNG]', '444', '300', '2022-12-01 04:27:38', NULL, NULL),
(16, 'TRD2022110704640', '0213382200066632', 1, '', 'JNE', 'Regular', 'COD PICKUP', 'Menunggu Dijemput', NULL, '2022-11-07 15:24:00', '0000-00-00 00:00:00', '0000-00-00 00:00:00', '0000-00-00 00:00:00', '249000', '0', '24000', '7200', '273000', '8190', '240810', 'Rajafashion', '6281284437772', 'Sambi Sari 1 no 11 Pharmindo \nCimahi Selatan', 'Cimahi', 'Cimahi Selatan', 32767, 'I kadek rantaowan', '6281237469616', 'Feather ink tattoo jl legian kelod no 386\nKab. Badung, Legian\nBali, Indonesia', 'Badung', 'Kuta', 32767, 'celana kargo winter dark grey L', 0, 1, '0x0x0 cm', '', 'PICK UP FAILURE - SHIPMENT NOT READY', '222', '100', '2022-12-01 04:27:38', NULL, NULL),
(17, 'TRD2022110704640', '0213382200066632', 1, '', 'JNE', 'Regular', 'COD PICKUP', 'Menunggu Dijemput', NULL, '2022-11-07 15:24:00', '0000-00-00 00:00:00', '0000-00-00 00:00:00', '0000-00-00 00:00:00', '249000', '0', '24000', '7200', '273000', '8190', '240810', 'Rajafashion', '6281284437772', 'Sambi Sari 1 no 11 Pharmindo \nCimahi Selatan', 'Cimahi', 'Cimahi Selatan', 32767, 'I kadek rantaowan', '6281237469616', 'Feather ink tattoo jl legian kelod no 386\nKab. Badung, Legian\nBali, Indonesia', 'Badung', 'Kuta', 32767, 'celana kargo winter dark grey L', 0, 1, '0x0x0 cm', '', 'PICK UP FAILURE - SHIPMENT NOT READY', '333', '200', '2022-12-01 04:27:38', NULL, NULL),
(18, 'TRD2022110704640', '0213382200066632', 1, '', 'JNE', 'Regular', 'COD PICKUP', 'Menunggu Dijemput', NULL, '2022-11-07 15:24:00', '0000-00-00 00:00:00', '0000-00-00 00:00:00', '0000-00-00 00:00:00', '249000', '0', '24000', '7200', '273000', '8190', '240810', 'Rajafashion', '6281284437772', 'Sambi Sari 1 no 11 Pharmindo \nCimahi Selatan', 'Cimahi', 'Cimahi Selatan', 32767, 'I kadek rantaowan', '6281237469616', 'Feather ink tattoo jl legian kelod no 386\nKab. Badung, Legian\nBali, Indonesia', 'Badung', 'Kuta', 32767, 'celana kargo winter dark grey L', 0, 1, '0x0x0 cm', '', 'PICK UP FAILURE - SHIPMENT NOT READY', '444', '300', '2022-12-01 04:27:38', NULL, NULL),
(19, 'TRD2022110704605', '0213382200066624', 1, '', 'JNE', 'Regular', 'COD PICKUP', 'Menunggu Dijemput', NULL, '2022-11-07 15:22:00', '0000-00-00 00:00:00', '0000-00-00 00:00:00', '0000-00-00 00:00:00', '249000', '0', '43000', '12900', '292000', '8760', '240240', 'Rajafashion', '6281284437772', 'Sambi Sari 1 no 11 Pharmindo \nCimahi Selatan', 'Cimahi', 'Cimahi Selatan', 32767, 'Onix', '6282167605001', 'Jl. Sudirman KOMP TASRI Blok C No.30 STABAT\nKab. Langkat, Stabat\nSumatera Utara, Indonesia', 'Langkat', 'Stabat', 20811, 'celana kargo winter dark grey XXL', 0, 1, '0x0x0 cm', '', 'PICK UP FAILURE - SHIPMENT NOT READY', '222', '100', '2022-12-01 04:27:38', NULL, NULL),
(20, 'TRD2022110704605', '0213382200066624', 1, '', 'JNE', 'Regular', 'COD PICKUP', 'Menunggu Dijemput', NULL, '2022-11-07 15:22:00', '0000-00-00 00:00:00', '0000-00-00 00:00:00', '0000-00-00 00:00:00', '249000', '0', '43000', '12900', '292000', '8760', '240240', 'Rajafashion', '6281284437772', 'Sambi Sari 1 no 11 Pharmindo \nCimahi Selatan', 'Cimahi', 'Cimahi Selatan', 32767, 'Onix', '6282167605001', 'Jl. Sudirman KOMP TASRI Blok C No.30 STABAT\nKab. Langkat, Stabat\nSumatera Utara, Indonesia', 'Langkat', 'Stabat', 20811, 'celana kargo winter dark grey XXL', 0, 1, '0x0x0 cm', '', 'PICK UP FAILURE - SHIPMENT NOT READY', '333', '200', '2022-12-01 04:27:38', NULL, NULL),
(21, 'TRD2022110704605', '0213382200066624', 1, '', 'JNE', 'Regular', 'COD PICKUP', 'Menunggu Dijemput', NULL, '2022-11-07 15:22:00', '0000-00-00 00:00:00', '0000-00-00 00:00:00', '0000-00-00 00:00:00', '249000', '0', '43000', '12900', '292000', '8760', '240240', 'Rajafashion', '6281284437772', 'Sambi Sari 1 no 11 Pharmindo \nCimahi Selatan', 'Cimahi', 'Cimahi Selatan', 32767, 'Onix', '6282167605001', 'Jl. Sudirman KOMP TASRI Blok C No.30 STABAT\nKab. Langkat, Stabat\nSumatera Utara, Indonesia', 'Langkat', 'Stabat', 20811, 'celana kargo winter dark grey XXL', 0, 1, '0x0x0 cm', '', 'PICK UP FAILURE - SHIPMENT NOT READY', '444', '300', '2022-12-01 04:27:38', NULL, NULL);

-- --------------------------------------------------------

--
-- Table structure for table `tec_sessions`
--

CREATE TABLE `tec_sessions` (
  `id` varchar(40) NOT NULL,
  `ip_address` varchar(45) NOT NULL,
  `timestamp` int(10) UNSIGNED NOT NULL DEFAULT 0,
  `data` blob NOT NULL
) ENGINE=InnoDB DEFAULT CHARSET=utf8 COLLATE=utf8_general_ci;

--
-- Dumping data for table `tec_sessions`
--

INSERT INTO `tec_sessions` (`id`, `ip_address`, `timestamp`, `data`) VALUES
('0mp62t8bdn9jsiu07a4jf3gs10cchlsm', '111.94.82.52', 1675088178, 0x5f5f63695f6c6173745f726567656e65726174657c693a313637353038383137383b7265717565737465645f706167657c733a303a22223b6964656e746974797c733a31353a2261646d696e40676d61696c2e636f6d223b757365726e616d657c733a353a2261646d696e223b656d61696c7c733a31353a2261646d696e40676d61696c2e636f6d223b757365725f69647c733a313a2231223b6f6c645f6c6173745f6c6f67696e7c733a31303a2231363735303834383033223b6c6173745f69707c733a31323a223131312e39342e38322e3532223b6176617461727c4e3b67656e6465727c733a343a226d616c65223b67726f75705f69647c733a313a2231223b77617265686f7573655f69647c4e3b5f5f63695f766172737c613a313a7b733a373a226d657373616765223b733a333a226f6c64223b7d),
('6831u394obanjbafch9j0ttvqbpj1vvc', '111.94.82.52', 1675088178, 0x5f5f63695f6c6173745f726567656e65726174657c693a313637353038383137383b7265717565737465645f706167657c733a303a22223b6964656e746974797c733a31353a2261646d696e40676d61696c2e636f6d223b757365726e616d657c733a353a2261646d696e223b656d61696c7c733a31353a2261646d696e40676d61696c2e636f6d223b757365725f69647c733a313a2231223b6f6c645f6c6173745f6c6f67696e7c733a31303a2231363735303834383033223b6c6173745f69707c733a31323a223131312e39342e38322e3532223b6176617461727c4e3b67656e6465727c733a343a226d616c65223b67726f75705f69647c733a313a2231223b77617265686f7573655f69647c4e3b5f5f63695f766172737c613a313a7b733a373a226d657373616765223b733a333a226f6c64223b7d),
('9rfei2io2om2vnm1vc80ablfm6gv3tt7', '207.46.13.113', 1675087496, 0x5f5f63695f6c6173745f726567656e65726174657c693a313637353038373439343b7265717565737465645f706167657c733a303a22223b),
('d1bjt5b03klt51umqqfmtojed3ho5kr6', '111.94.82.52', 1675085155, 0x5f5f63695f6c6173745f726567656e65726174657c693a313637353038353135353b7265717565737465645f706167657c733a303a22223b6964656e746974797c733a31353a2261646d696e40676d61696c2e636f6d223b757365726e616d657c733a353a2261646d696e223b656d61696c7c733a31353a2261646d696e40676d61696c2e636f6d223b757365725f69647c733a313a2231223b6f6c645f6c6173745f6c6f67696e7c733a31303a2231363735303834383033223b6c6173745f69707c733a31323a223131312e39342e38322e3532223b6176617461727c4e3b67656e6465727c733a343a226d616c65223b67726f75705f69647c733a313a2231223b77617265686f7573655f69647c4e3b5f5f63695f766172737c613a313a7b733a373a226d657373616765223b733a333a226f6c64223b7d),
('dic11jeupqkaipb4cblehi3gf6njd674', '111.94.82.52', 1675086510, 0x5f5f63695f6c6173745f726567656e65726174657c693a313637353038363531303b7265717565737465645f706167657c733a303a22223b6964656e746974797c733a31353a2261646d696e40676d61696c2e636f6d223b757365726e616d657c733a353a2261646d696e223b656d61696c7c733a31353a2261646d696e40676d61696c2e636f6d223b757365725f69647c733a313a2231223b6f6c645f6c6173745f6c6f67696e7c733a31303a2231363735303834383033223b6c6173745f69707c733a31323a223131312e39342e38322e3532223b6176617461727c4e3b67656e6465727c733a343a226d616c65223b67726f75705f69647c733a313a2231223b77617265686f7573655f69647c4e3b5f5f63695f766172737c613a313a7b733a373a226d657373616765223b733a333a226f6c64223b7d),
('hse37dfhoivgltm6ltraepg512thuv32', '111.94.82.52', 1675085726, 0x5f5f63695f6c6173745f726567656e65726174657c693a313637353038353732363b7265717565737465645f706167657c733a303a22223b6964656e746974797c733a31353a2261646d696e40676d61696c2e636f6d223b757365726e616d657c733a353a2261646d696e223b656d61696c7c733a31353a2261646d696e40676d61696c2e636f6d223b757365725f69647c733a313a2231223b6f6c645f6c6173745f6c6f67696e7c733a31303a2231363735303834383033223b6c6173745f69707c733a31323a223131312e39342e38322e3532223b6176617461727c4e3b67656e6465727c733a343a226d616c65223b67726f75705f69647c733a313a2231223b77617265686f7573655f69647c4e3b5f5f63695f766172737c613a313a7b733a373a226d657373616765223b733a333a226f6c64223b7d),
('r7vogeiqti5b5i1t8g87paj9gjoeqqai', '111.94.82.52', 1675087806, 0x5f5f63695f6c6173745f726567656e65726174657c693a313637353038373830363b7265717565737465645f706167657c733a303a22223b6964656e746974797c733a31353a2261646d696e40676d61696c2e636f6d223b757365726e616d657c733a353a2261646d696e223b656d61696c7c733a31353a2261646d696e40676d61696c2e636f6d223b757365725f69647c733a313a2231223b6f6c645f6c6173745f6c6f67696e7c733a31303a2231363735303834383033223b6c6173745f69707c733a31323a223131312e39342e38322e3532223b6176617461727c4e3b67656e6465727c733a343a226d616c65223b67726f75705f69647c733a313a2231223b77617265686f7573655f69647c4e3b5f5f63695f766172737c613a313a7b733a373a226d657373616765223b733a333a226f6c64223b7d),
('s4hdkg9inlcftcl8h35175bpa7ob7old', '111.94.82.52', 1675086102, 0x5f5f63695f6c6173745f726567656e65726174657c693a313637353038363130323b7265717565737465645f706167657c733a303a22223b6964656e746974797c733a31353a2261646d696e40676d61696c2e636f6d223b757365726e616d657c733a353a2261646d696e223b656d61696c7c733a31353a2261646d696e40676d61696c2e636f6d223b757365725f69647c733a313a2231223b6f6c645f6c6173745f6c6f67696e7c733a31303a2231363735303834383033223b6c6173745f69707c733a31323a223131312e39342e38322e3532223b6176617461727c4e3b67656e6465727c733a343a226d616c65223b67726f75705f69647c733a313a2231223b77617265686f7573655f69647c4e3b5f5f63695f766172737c613a313a7b733a373a226d657373616765223b733a333a226f6c64223b7d);

-- --------------------------------------------------------

--
-- Table structure for table `tec_settings`
--

CREATE TABLE `tec_settings` (
  `setting_id` int(1) NOT NULL,
  `logo` varchar(255) NOT NULL,
  `site_name` varchar(55) NOT NULL,
  `rows_per_page` int(2) NOT NULL,
  `dateformat` varchar(20) DEFAULT NULL,
  `timeformat` varchar(20) DEFAULT NULL,
  `language` varchar(20) NOT NULL,
  `version` varchar(10) NOT NULL DEFAULT '1.0',
  `theme` varchar(20) NOT NULL,
  `timezone` varchar(255) NOT NULL DEFAULT '0',
  `default_email` varchar(100) DEFAULT NULL,
  `mmode` tinyint(1) NOT NULL,
  `captcha` tinyint(1) NOT NULL DEFAULT 1,
  `purchase_code` varchar(100) DEFAULT NULL,
  `envato_username` varchar(50) DEFAULT NULL
) ENGINE=InnoDB DEFAULT CHARSET=utf8 COLLATE=utf8_general_ci;

--
-- Dumping data for table `tec_settings`
--

INSERT INTO `tec_settings` (`setting_id`, `logo`, `site_name`, `rows_per_page`, `dateformat`, `timeformat`, `language`, `version`, `theme`, `timezone`, `default_email`, `mmode`, `captcha`, `purchase_code`, `envato_username`) VALUES
(1, 'logo.png', 'Stock Manager', 10, 'jS F Y', 'h:i A', 'english', '2.1.2', 'default', 'Asia/Jakarta', 'noreply@rilo.id', 0, 0, NULL, NULL);

-- --------------------------------------------------------

--
-- Table structure for table `tec_suppliers`
--

CREATE TABLE `tec_suppliers` (
  `id` int(11) NOT NULL,
  `name` varchar(55) NOT NULL,
  `cf1` varchar(255) NOT NULL,
  `cf2` varchar(255) NOT NULL,
  `phone` varchar(20) NOT NULL,
  `email` varchar(100) NOT NULL
) ENGINE=InnoDB DEFAULT CHARSET=utf8 COLLATE=utf8_general_ci;

--
-- Dumping data for table `tec_suppliers`
--

INSERT INTO `tec_suppliers` (`id`, `name`, `cf1`, `cf2`, `phone`, `email`) VALUES
(1, 'PUSAT', '', '', '012345678', 'pusat@queenshamedia.com');

-- --------------------------------------------------------

--
-- Table structure for table `tec_travel_document`
--

CREATE TABLE `tec_travel_document` (
  `id` int(11) NOT NULL,
  `courier` varchar(100) DEFAULT NULL,
  `note` varchar(255) DEFAULT NULL,
  `warehouse_id` int(11) NOT NULL,
  `created_at` datetime NOT NULL DEFAULT current_timestamp()
) ENGINE=InnoDB DEFAULT CHARSET=utf8mb4 COLLATE=utf8mb4_general_ci;

--
-- Dumping data for table `tec_travel_document`
--

INSERT INTO `tec_travel_document` (`id`, `courier`, `note`, `warehouse_id`, `created_at`) VALUES
(7, 'JNE', 'EVERPRO', 10, '2022-11-21 17:25:00'),
(8, 'JNE0930842200003077', 'Everpro', 3, '2022-11-21 18:01:00'),
(9, 'JNE', 'Everpro <br>KURIR PICKUP jhoni amsyah', 3, '2022-11-21 18:08:00'),
(10, 'JNE', 'EVERPRO', 10, '2022-11-21 22:23:00'),
(11, 'JNE', '', 3, '2022-11-22 10:29:00'),
(12, 'JNE', 'EVERPRO / NOVIYANSYA', 3, '2022-11-22 10:29:00'),
(13, 'JNE', '', 2, '2022-11-22 14:15:00'),
(14, 'JNE', 'EVERPRO', 2, '2022-11-22 14:15:00'),
(15, 'JNE', 'EVEPRO  ', 10, '2022-11-22 16:06:00'),
(16, 'JNE', 'EVERPRO/ JONI AMSYAH', 3, '2022-11-22 16:36:00'),
(17, 'JNE', 'EVERPRO', 10, '2022-11-22 16:47:00'),
(18, 'JNE', 'ORDERAN TANGGAL 22-11-2022', 2, '2022-11-22 16:57:00'),
(19, 'JNE', '', 3, '2022-11-22 17:30:00'),
(20, 'JNE', 'EVERPRO', 2, '2022-11-23 14:59:00'),
(21, 'JNE', 'EVERPRO', 10, '2022-11-23 16:29:00'),
(22, 'JNE', 'EVERPRO / JONI AMSYA', 3, '2022-11-23 17:00:00'),
(23, 'JNE', 'EVERPRO / JONI AMSYA', 3, '2022-11-24 14:31:00'),
(24, 'JNE', 'EVERPRO', 2, '2022-11-24 14:37:00'),
(25, 'JNE', 'EVERPRO / JONI AMSYA', 3, '2022-11-24 14:48:00'),
(26, 'JNE', '<table><tbody><tr>\r\n  <td>EVERPRO</td></tr></tbody></table>', 10, '2022-11-24 16:21:00'),
(27, 'JNE', 'EVER PRO/ JONI AMSYA', 3, '2022-11-25 15:05:00'),
(28, 'JNE', 'EVERPRO', 10, '2022-11-25 16:02:00'),
(29, 'JNE', 'EVERPRO', 2, '2022-11-25 21:47:00'),
(30, 'JNE', 'EVER PRO / JONI AMSYA', 3, '2022-11-26 15:06:00'),
(31, 'JNE', 'EVERPRO', 10, '2022-11-26 16:41:00'),
(32, 'JNE', 'EVERPRO', 2, '2022-11-26 20:23:00'),
(33, 'JNE', '', 2, '2022-11-28 16:25:00'),
(34, 'JNE', '', 2, '2022-11-28 16:36:00'),
(35, 'JNE', 'EVER PRO / JONI AMSYA<br><br>', 3, '2022-11-28 17:34:00'),
(36, 'JNE', 'EVERPRO', 10, '2022-11-28 18:40:00'),
(38, 'JNE', 'EVERPRO', 2, '2022-11-29 15:19:00'),
(39, 'JNE', 'EVER PRO / JONI AMSYA', 3, '2022-11-29 15:27:00');

-- --------------------------------------------------------

--
-- Table structure for table `tec_users`
--

CREATE TABLE `tec_users` (
  `id` int(11) UNSIGNED NOT NULL,
  `last_ip_address` varbinary(45) DEFAULT NULL,
  `ip_address` varbinary(45) NOT NULL,
  `username` varchar(100) NOT NULL,
  `password` varchar(40) NOT NULL,
  `warehouse_id` int(11) DEFAULT NULL,
  `salt` varchar(40) DEFAULT NULL,
  `email` varchar(100) NOT NULL,
  `activation_code` varchar(40) DEFAULT NULL,
  `forgotten_password_code` varchar(40) DEFAULT NULL,
  `forgotten_password_time` int(11) UNSIGNED DEFAULT NULL,
  `remember_code` varchar(40) DEFAULT NULL,
  `created_on` int(11) UNSIGNED NOT NULL,
  `last_login` int(11) UNSIGNED DEFAULT NULL,
  `active` tinyint(1) UNSIGNED DEFAULT NULL,
  `first_name` varchar(50) DEFAULT NULL,
  `last_name` varchar(50) DEFAULT NULL,
  `company` varchar(100) DEFAULT NULL,
  `phone` varchar(20) DEFAULT NULL,
  `avatar` varchar(55) DEFAULT NULL,
  `gender` varchar(20) DEFAULT NULL,
  `group_id` int(10) UNSIGNED NOT NULL,
  `hash` varchar(200) DEFAULT NULL
) ENGINE=InnoDB DEFAULT CHARSET=utf8 COLLATE=utf8_general_ci;

--
-- Dumping data for table `tec_users`
--

INSERT INTO `tec_users` (`id`, `last_ip_address`, `ip_address`, `username`, `password`, `warehouse_id`, `salt`, `email`, `activation_code`, `forgotten_password_code`, `forgotten_password_time`, `remember_code`, `created_on`, `last_login`, `active`, `first_name`, `last_name`, `company`, `phone`, `avatar`, `gender`, `group_id`, `hash`) VALUES
(1, 0x3131312e39342e38322e3532, 0x0000, 'admin', '2a7c8e0896640da11cef8c5767e56efb359f947e', NULL, NULL, 'admin@gmail.com', NULL, '6098efc68f769bb79f710ec1c7f4f217f4737794', 1439445583, NULL, 1351661704, 1675084803, 1, 'Admin', 'Admin', 'Simple Stock Manager', '012345678', NULL, 'male', 1, NULL),
(2, 0x3a3a31, 0x3a3a31, 'iqbal', '9013541727f2027353663a71c217ddba06699516', NULL, NULL, 'iqbal@dev.com', NULL, NULL, NULL, NULL, 1668168385, 1668180879, 1, 'dev', '', NULL, '85559059632', NULL, NULL, 1, NULL),
(5, 0x3130332e3134372e392e3937, 0x3a3a31, 'saputraa', '37fcbc4cde61adb9a989a62ca388fb0a634cea5d', 3, NULL, 'saputra@gmail.com', NULL, NULL, NULL, NULL, 1668462141, 1668545770, 1, 'putra', 'riris', NULL, '8555905', NULL, NULL, 2, NULL),
(6, 0x3131312e39342e38322e313333, 0x3131312e39342e3131372e3730, 'bandung', '9d4e867444c724bc2f8630d4adec4ff93a738cb0', 1, NULL, 'bandung@jne.co.id', NULL, NULL, NULL, NULL, 1668464078, 1668557117, 1, 'Bandung', 'WH', NULL, '1311', NULL, 'male', 2, NULL),
(7, NULL, 0x3130332e3134372e392e3937, 'putra', 'cacf74667a8cebf073312d7c405ec8621bfbbc83', NULL, NULL, 'putra123@dev.com', NULL, NULL, NULL, NULL, 1668516244, 1668516244, 1, 'putra', 'riris', NULL, '8555905', NULL, NULL, 1, NULL),
(8, 0x3132352e3136372e35392e3139, 0x3130332e3130342e31322e3237, 'palembang', 'b3d3b31e190010fcce3b6ca8fcb9a45ed413e5cc', 3, NULL, 'admin@palembang', NULL, NULL, NULL, NULL, 1668569191, 1669708023, 1, 'Palembang', 'WH', NULL, '08111', NULL, 'male', 2, NULL),
(9, 0x3131342e352e3235332e313033, 0x3130332e3130342e31322e3237, 'medan', '81e807aceb641a5b3233adefd7a6f0440da07451', 2, NULL, 'admin@medan', NULL, NULL, NULL, NULL, 1668569260, 1674646933, 1, 'Medan', 'WH', NULL, '08222', NULL, 'male', 2, NULL),
(10, NULL, 0x3130332e3130342e31322e3237, 'denpasar', 'e9b364ca0be52a6c438b27dd43158a8a6c84791e', 7, NULL, 'denpasar@jne.co.id', NULL, NULL, NULL, NULL, 1668569304, 1668569304, 1, 'Denpasar', 'WH', NULL, '0833', NULL, NULL, 2, NULL),
(11, 0x3132352e3136352e3130342e323033, 0x3130332e3130342e31322e3237, 'pekanbaru', 'af5805cf9ff471c305606f041f02958ccc5b9328', 10, NULL, 'admin@pekanbaru', NULL, NULL, NULL, NULL, 1668569342, 1669707881, 1, 'Pekanbaru', 'WH', NULL, '08432', NULL, 'male', 2, NULL),
(12, NULL, 0x3130332e3130342e31322e3237, 'surabaya', '1ee29d4384bb12ebadb104055882a421f14cd760', 4, NULL, 'surabaya@jne.co.id', NULL, NULL, NULL, NULL, 1668569379, 1668569379, 1, 'Surabaya', 'WH', NULL, '08414', NULL, NULL, 2, NULL),
(13, NULL, 0x3130332e3130342e31322e3237, 'makassar', '1fb0f5e7bc49b4effc8dc1969efab82cf66b4dd1', 12, NULL, 'makassar@jne.co.id', NULL, NULL, NULL, NULL, 1668569519, 1668569519, 1, 'Makassar', 'WH', NULL, '08141', NULL, NULL, 2, NULL),
(14, NULL, 0x3130332e3130342e31322e3237, 'samarinda', '805b350279a6a9594e0d593157a0c2be4f5584bc', 11, NULL, 'samarinda@jne.co.id', NULL, NULL, NULL, NULL, 1668569555, 1668569555, 1, 'Samarinda', 'WH', NULL, '084314', NULL, NULL, 2, NULL),
(15, 0x3134302e3231332e33352e3234, 0x3130332e3130342e31322e3237, 'andri', '2eeb34a86aff9e9bde1d58f0d35bb15935751d4e', NULL, NULL, 'andri@queenshamedia.com', NULL, NULL, NULL, NULL, 1668569674, 1669708682, 1, 'Andri', 'Queensha', NULL, '08', NULL, NULL, 1, NULL),
(16, NULL, 0x3130332e3130342e31322e3237, 'adminjne', '49444c1eca0c018bd8c14ae07a1bf6e71ecee4bb', NULL, NULL, 'admin@jne.co.id', NULL, NULL, NULL, NULL, 1668569842, 1668569842, 1, 'JNE ADMIN', 'GUDANG', NULL, '08222', NULL, NULL, 1, NULL);

-- --------------------------------------------------------

--
-- Table structure for table `tec_user_logins`
--

CREATE TABLE `tec_user_logins` (
  `id` int(11) NOT NULL,
  `user_id` int(11) NOT NULL,
  `company_id` int(11) DEFAULT NULL,
  `ip_address` varbinary(16) NOT NULL,
  `login` varchar(100) NOT NULL,
  `time` timestamp NULL DEFAULT current_timestamp()
) ENGINE=InnoDB DEFAULT CHARSET=utf8 COLLATE=utf8_general_ci;

--
-- Dumping data for table `tec_user_logins`
--

INSERT INTO `tec_user_logins` (`id`, `user_id`, `company_id`, `ip_address`, `login`, `time`) VALUES
(1, 1, NULL, 0x3a3a31, 'admin@tecdiary.com ', '2022-11-11 11:52:47'),
(2, 1, NULL, 0x3a3a31, 'admin@tecdiary.com ', '2022-11-11 11:57:46'),
(3, 2, NULL, 0x3a3a31, 'tss@riseloka.com', '2022-11-11 12:06:42'),
(4, 2, NULL, 0x3a3a31, 'tss@riseloka.com', '2022-11-11 12:59:25'),
(5, 2, NULL, 0x3a3a31, 'tss@riseloka.com', '2022-11-11 15:34:39'),
(6, 1, NULL, 0x3a3a31, 'admin@tecdiary.com ', '2022-11-11 15:35:26'),
(7, 1, NULL, 0x3a3a31, 'admin@tecdiary.com', '2022-11-12 03:22:05'),
(8, 1, NULL, 0x3a3a31, 'admin@tecdiary.com', '2022-11-12 13:36:31'),
(9, 1, NULL, 0x3a3a31, 'admin@tecdiary.com', '2022-11-12 13:41:46'),
(10, 1, NULL, 0x3a3a31, 'admin@tecdiary.com', '2022-11-12 13:43:39'),
(11, 1, NULL, 0x3a3a31, 'admin@tecdiary.com', '2022-11-12 13:47:18'),
(12, 1, NULL, 0x3a3a31, 'admin@tecdiary.com', '2022-11-12 13:47:44'),
(13, 1, NULL, 0x3a3a31, 'admin@tecdiary.com', '2022-11-12 13:50:19'),
(14, 1, NULL, 0x3a3a31, 'admin@tecdiary.com', '2022-11-12 13:52:21'),
(15, 1, NULL, 0x3a3a31, 'admin@tecdiary.com', '2022-11-12 13:54:52'),
(16, 1, NULL, 0x3a3a31, 'admin@tecdiary.com', '2022-11-13 01:33:38'),
(17, 1, NULL, 0x3a3a31, 'admin@tecdiary.com', '2022-11-13 07:44:54'),
(18, 1, NULL, 0x3a3a31, 'admin@tecdiary.com', '2022-11-13 11:41:40'),
(19, 1, NULL, 0x3a3a31, 'admin@tecdiary.com', '2022-11-13 16:50:20'),
(20, 1, NULL, 0x3a3a31, 'admin@tecdiary.com', '2022-11-14 01:25:06'),
(21, 1, NULL, 0x3a3a31, 'admin@tecdiary.com', '2022-11-14 06:02:53'),
(22, 4, NULL, 0x3a3a31, 'quenshamedia@gmail.com', '2022-11-14 15:23:22'),
(23, 4, NULL, 0x3a3a31, 'quenshamedia@gmail.com', '2022-11-14 15:47:57'),
(24, 1, NULL, 0x3a3a31, 'admin@tecdiary.com', '2022-11-14 15:58:13'),
(25, 1, NULL, 0x3a3a31, 'admin@tecdiary.com', '2022-11-14 15:59:48'),
(26, 1, NULL, 0x3a3a31, 'admin@tecdiary.com', '2022-11-14 15:59:55'),
(27, 1, NULL, 0x3a3a31, 'admin@tecdiary.com', '2022-11-14 16:07:43'),
(28, 4, NULL, 0x3a3a31, 'quenshamedia@gmail.com', '2022-11-14 16:08:09'),
(29, 4, NULL, 0x3a3a31, 'quenshamedia@gmail.com', '2022-11-14 16:09:41'),
(30, 4, NULL, 0x3a3a31, 'quenshamedia@gmail.com', '2022-11-14 16:20:14'),
(31, 4, NULL, 0x3a3a31, 'quenshamedia@gmail.com', '2022-11-14 16:57:58'),
(32, 4, NULL, 0x3a3a31, 'quenshamedia@gmail.com', '2022-11-14 16:57:58'),
(33, 4, NULL, 0x3a3a31, 'quenshamedia@gmail.com', '2022-11-14 17:00:28'),
(34, 4, NULL, 0x3a3a31, 'quenshamedia@gmail.com', '2022-11-14 17:00:28'),
(35, 4, NULL, 0x3a3a31, 'quenshamedia@gmail.com', '2022-11-14 17:00:42'),
(36, 4, NULL, 0x3a3a31, 'quenshamedia@gmail.com', '2022-11-14 17:00:42'),
(37, 4, NULL, 0x3a3a31, 'quenshamedia@gmail.com', '2022-11-14 17:22:34'),
(38, 4, NULL, 0x3a3a31, 'quenshamedia@gmail.com', '2022-11-14 17:22:34'),
(39, 4, NULL, 0x3a3a31, 'quenshamedia@gmail.com', '2022-11-14 17:47:23'),
(40, 4, NULL, 0x3a3a31, 'quenshamedia@gmail.com', '2022-11-14 17:47:23'),
(41, 1, NULL, 0x3a3a31, 'admin@tecdiary.com', '2022-11-14 17:49:14'),
(42, 1, NULL, 0x3a3a31, 'admin@tecdiary.com', '2022-11-14 17:49:14'),
(43, 4, NULL, 0x3a3a31, 'quenshamedia@gmail.com', '2022-11-14 17:49:49'),
(44, 4, NULL, 0x3a3a31, 'quenshamedia@gmail.com', '2022-11-14 17:49:49'),
(45, 1, NULL, 0x3a3a31, 'admin@tecdiary.com', '2022-11-14 17:53:20'),
(46, 1, NULL, 0x3a3a31, 'admin@tecdiary.com', '2022-11-14 17:53:20'),
(47, 4, NULL, 0x3a3a31, 'quenshamedia@gmail.com', '2022-11-14 17:57:25'),
(48, 4, NULL, 0x3a3a31, 'quenshamedia@gmail.com', '2022-11-14 17:57:25'),
(49, 1, NULL, 0x3a3a31, 'admin@tecdiary.com', '2022-11-14 19:08:09'),
(50, 1, NULL, 0x3a3a31, 'admin@tecdiary.com', '2022-11-14 19:08:09'),
(51, 1, NULL, 0x3a3a31, 'admin@tecdiary.com', '2022-11-14 21:35:14'),
(52, 1, NULL, 0x3a3a31, 'admin@tecdiary.com', '2022-11-14 21:35:14'),
(53, 5, NULL, 0x3a3a31, 'saputra@gmail.com', '2022-11-14 21:42:35'),
(54, 5, NULL, 0x3a3a31, 'saputra@gmail.com', '2022-11-14 21:42:35'),
(55, 1, NULL, 0x3130332e3134372e392e3937, 'admin@tecdiary.com', '2022-11-14 22:06:49'),
(56, 1, NULL, 0x3130332e3134372e392e3937, 'admin@tecdiary.com', '2022-11-14 22:06:49'),
(57, 1, NULL, 0x3130332e3134372e392e3937, 'admin@tecdiary.com', '2022-11-14 22:08:08'),
(58, 1, NULL, 0x3130332e3134372e392e3937, 'admin@tecdiary.com', '2022-11-14 22:08:08'),
(59, 1, NULL, 0x3131312e39342e3131372e3730, 'admin@tecdiary.com', '2022-11-14 22:13:04'),
(60, 1, NULL, 0x3131312e39342e3131372e3730, 'admin@tecdiary.com', '2022-11-14 22:13:04'),
(61, 6, NULL, 0x3131312e39342e3131372e3730, 'bandung@jne.co.id', '2022-11-14 22:14:51'),
(62, 6, NULL, 0x3131312e39342e3131372e3730, 'bandung@jne.co.id', '2022-11-14 22:14:51'),
(63, 6, NULL, 0x3130332e3134372e392e3937, 'bandung@jne.co.id', '2022-11-14 22:17:42'),
(64, 6, NULL, 0x3130332e3134372e392e3937, 'bandung@jne.co.id', '2022-11-14 22:17:42'),
(65, 1, NULL, 0x3130332e3134372e392e3937, 'admin@tecdiary.com', '2022-11-14 22:18:26'),
(66, 1, NULL, 0x3130332e3134372e392e3937, 'admin@tecdiary.com', '2022-11-14 22:18:26'),
(67, 1, NULL, 0x3131312e39342e3131372e3730, 'admin@tecdiary.com', '2022-11-14 22:20:43'),
(68, 1, NULL, 0x3131312e39342e3131372e3730, 'admin@tecdiary.com', '2022-11-14 22:20:43'),
(69, 6, NULL, 0x3130332e3134372e392e3937, 'bandung@jne.co.id', '2022-11-14 22:26:48'),
(70, 6, NULL, 0x3130332e3134372e392e3937, 'bandung@jne.co.id', '2022-11-14 22:26:48'),
(71, 1, NULL, 0x3130332e3134372e392e3937, 'admin@tecdiary.com', '2022-11-14 22:27:57'),
(72, 1, NULL, 0x3130332e3134372e392e3937, 'admin@tecdiary.com', '2022-11-14 22:27:57'),
(73, 6, NULL, 0x3130332e3134372e392e3937, 'bandung@jne.co.id', '2022-11-14 22:38:11'),
(74, 6, NULL, 0x3130332e3134372e392e3937, 'bandung@jne.co.id', '2022-11-14 22:38:11'),
(75, 6, NULL, 0x3130332e3134372e392e3937, 'bandung@jne.co.id', '2022-11-14 22:38:45'),
(76, 6, NULL, 0x3130332e3134372e392e3937, 'bandung@jne.co.id', '2022-11-14 22:38:45'),
(77, 1, NULL, 0x3131342e3132322e3130302e313834, 'admin@tecdiary.com', '2022-11-15 01:11:23'),
(78, 1, NULL, 0x3131342e3132322e3130302e313834, 'admin@tecdiary.com', '2022-11-15 01:11:23'),
(79, 1, NULL, 0x3131342e3132322e3130302e313834, 'admin@tecdiary.com', '2022-11-15 01:27:40'),
(80, 1, NULL, 0x3131342e3132322e3130302e313834, 'admin@tecdiary.com', '2022-11-15 01:27:40'),
(81, 6, NULL, 0x3130332e3134372e392e3937, 'bandung@jne.co.id', '2022-11-15 02:34:12'),
(82, 6, NULL, 0x3130332e3134372e392e3937, 'bandung@jne.co.id', '2022-11-15 02:34:12'),
(83, 6, NULL, 0x3130332e3134372e392e3937, 'bandung@jne.co.id', '2022-11-15 02:36:01'),
(84, 6, NULL, 0x3130332e3134372e392e3937, 'bandung@jne.co.id', '2022-11-15 02:36:01'),
(85, 6, NULL, 0x3130332e3134372e392e3937, 'bandung@jne.co.id', '2022-11-15 03:02:31'),
(86, 6, NULL, 0x3130332e3134372e392e3937, 'bandung@jne.co.id', '2022-11-15 03:02:31'),
(87, 1, NULL, 0x3134302e3231332e34392e3739, 'admin@tecdiary.com', '2022-11-15 03:30:14'),
(88, 1, NULL, 0x3134302e3231332e34392e3739, 'admin@tecdiary.com', '2022-11-15 03:30:14'),
(89, 1, NULL, 0x3130332e3134372e392e3937, 'admin@tecdiary.com', '2022-11-15 03:54:04'),
(90, 1, NULL, 0x3130332e3134372e392e3937, 'admin@tecdiary.com', '2022-11-15 03:54:04'),
(91, 1, NULL, 0x3131342e3132322e3130302e313830, 'admin@tecdiary.com', '2022-11-15 03:55:55'),
(92, 1, NULL, 0x3131342e3132322e3130302e313830, 'admin@tecdiary.com', '2022-11-15 03:55:55'),
(93, 1, NULL, 0x3130332e3134372e392e3937, 'admin@tecdiary.com', '2022-11-15 03:56:19'),
(94, 1, NULL, 0x3130332e3134372e392e3937, 'admin@tecdiary.com', '2022-11-15 03:56:19'),
(95, 6, NULL, 0x3131342e3132322e3130302e313830, 'bandung@jne.co.id', '2022-11-15 03:56:25'),
(96, 6, NULL, 0x3131342e3132322e3130302e313830, 'bandung@jne.co.id', '2022-11-15 03:56:25'),
(97, 1, NULL, 0x3131342e3132322e3130302e313830, 'admin@tecdiary.com', '2022-11-15 03:57:02'),
(98, 1, NULL, 0x3131342e3132322e3130302e313830, 'admin@tecdiary.com', '2022-11-15 03:57:02'),
(99, 6, NULL, 0x3130332e3131312e3138382e3530, 'bandung@jne.co.id', '2022-11-15 03:57:22'),
(100, 6, NULL, 0x3130332e3131312e3138382e3530, 'bandung@jne.co.id', '2022-11-15 03:57:22'),
(101, 1, NULL, 0x3131342e3132322e3130302e313830, 'admin@gmail.com', '2022-11-15 03:58:10'),
(102, 1, NULL, 0x3131342e3132322e3130302e313830, 'admin@gmail.com', '2022-11-15 03:58:10'),
(103, 1, NULL, 0x3130332e3131312e3138382e3530, 'admin@gmail.com', '2022-11-15 03:59:43'),
(104, 1, NULL, 0x3130332e3131312e3138382e3530, 'admin@gmail.com', '2022-11-15 03:59:43'),
(105, 1, NULL, 0x3130332e3130342e31322e3237, 'admin@gmail.com', '2022-11-15 08:37:14'),
(106, 1, NULL, 0x3130332e3130342e31322e3237, 'admin@gmail.com', '2022-11-15 08:37:14'),
(107, 1, NULL, 0x3130332e3130342e31322e3237, 'admin@gmail.com', '2022-11-15 08:38:09'),
(108, 1, NULL, 0x3130332e3130342e31322e3237, 'admin@gmail.com', '2022-11-15 08:38:09'),
(109, 6, NULL, 0x3130332e3130342e31322e3237, 'bandung@jne.co.id', '2022-11-15 09:27:28'),
(110, 6, NULL, 0x3130332e3130342e31322e3237, 'bandung@jne.co.id', '2022-11-15 09:27:28'),
(111, 6, NULL, 0x3130332e3131312e3138382e3530, 'bandung@jne.co.id', '2022-11-15 09:54:42'),
(112, 6, NULL, 0x3130332e3131312e3138382e3530, 'bandung@jne.co.id', '2022-11-15 09:54:42'),
(113, 1, NULL, 0x3131342e3132322e37352e3432, 'admin@gmail.com', '2022-11-15 10:26:25'),
(114, 1, NULL, 0x3131342e3132322e37352e3432, 'admin@gmail.com', '2022-11-15 10:26:25'),
(115, 1, NULL, 0x3131342e3132322e37352e3432, 'admin@gmail.com', '2022-11-15 12:10:08'),
(116, 1, NULL, 0x3131342e3132322e37352e3432, 'admin@gmail.com', '2022-11-15 12:10:08'),
(117, 6, NULL, 0x3131342e3132322e37352e3432, 'bandung@jne.co.id', '2022-11-15 12:14:52'),
(118, 6, NULL, 0x3131342e3132322e37352e3432, 'bandung@jne.co.id', '2022-11-15 12:14:52'),
(119, 1, NULL, 0x3130332e3134372e392e3937, 'admin@gmail.com', '2022-11-15 12:26:11'),
(120, 1, NULL, 0x3130332e3134372e392e3937, 'admin@gmail.com', '2022-11-15 12:26:11'),
(121, 1, NULL, 0x3130332e3134372e392e3937, 'admin@gmail.com', '2022-11-15 12:27:15'),
(122, 1, NULL, 0x3130332e3134372e392e3937, 'admin@gmail.com', '2022-11-15 12:27:15'),
(123, 1, NULL, 0x3130332e3134372e392e3937, 'admin@gmail.com', '2022-11-15 12:32:18'),
(124, 1, NULL, 0x3130332e3134372e392e3937, 'admin@gmail.com', '2022-11-15 12:32:18'),
(125, 5, NULL, 0x3130332e3134372e392e3937, 'saputra@gmail.com', '2022-11-15 13:19:48'),
(126, 5, NULL, 0x3130332e3134372e392e3937, 'saputra@gmail.com', '2022-11-15 13:19:48'),
(127, 1, NULL, 0x3130332e3134372e392e3937, 'admin@gmail.com', '2022-11-15 15:28:52'),
(128, 1, NULL, 0x3130332e3134372e392e3937, 'admin@gmail.com', '2022-11-15 15:28:52'),
(129, 5, NULL, 0x3130332e3134372e392e3937, 'saputra@gmail.com', '2022-11-15 15:29:11'),
(130, 5, NULL, 0x3130332e3134372e392e3937, 'saputra@gmail.com', '2022-11-15 15:29:11'),
(131, 1, NULL, 0x3130332e3134372e392e3937, 'admin@gmail.com', '2022-11-15 15:38:03'),
(132, 1, NULL, 0x3130332e3134372e392e3937, 'admin@gmail.com', '2022-11-15 15:38:03'),
(133, 1, NULL, 0x3130332e3134372e392e3937, 'admin@gmail.com', '2022-11-15 16:37:32'),
(134, 1, NULL, 0x3130332e3134372e392e3937, 'admin@gmail.com', '2022-11-15 16:37:32'),
(135, 1, NULL, 0x3130332e3134372e392e3937, 'admin@gmail.com', '2022-11-15 18:18:53'),
(136, 1, NULL, 0x3130332e3134372e392e3937, 'admin@gmail.com', '2022-11-15 18:18:53'),
(137, 1, NULL, 0x3130332e3134372e392e3937, 'admin@gmail.com', '2022-11-15 19:18:45'),
(138, 1, NULL, 0x3130332e3134372e392e3937, 'admin@gmail.com', '2022-11-15 19:18:45'),
(139, 5, NULL, 0x3130332e3134372e392e3937, 'saputra@gmail.com', '2022-11-15 19:18:59'),
(140, 5, NULL, 0x3130332e3134372e392e3937, 'saputra@gmail.com', '2022-11-15 19:18:59'),
(141, 5, NULL, 0x3130332e3134372e392e3937, 'saputra@gmail.com', '2022-11-15 20:56:10'),
(142, 5, NULL, 0x3130332e3134372e392e3937, 'saputra@gmail.com', '2022-11-15 20:56:10'),
(143, 6, NULL, 0x3130332e3134372e392e3937, 'bandung@jne.co.id', '2022-11-15 21:01:56'),
(144, 6, NULL, 0x3130332e3134372e392e3937, 'bandung@jne.co.id', '2022-11-15 21:01:56'),
(145, 1, NULL, 0x3131312e39342e38322e313333, 'admin@gmail.com', '2022-11-15 23:07:05'),
(146, 1, NULL, 0x3131312e39342e38322e313333, 'admin@gmail.com', '2022-11-15 23:07:05'),
(147, 6, NULL, 0x3131312e39342e38322e313333, 'bandung@jne.co.id', '2022-11-16 00:05:17'),
(148, 6, NULL, 0x3131312e39342e38322e313333, 'bandung@jne.co.id', '2022-11-16 00:05:17'),
(149, 1, NULL, 0x3131312e39342e38322e313333, 'admin@gmail.com', '2022-11-16 00:12:54'),
(150, 1, NULL, 0x3131312e39342e38322e313333, 'admin@gmail.com', '2022-11-16 00:12:54'),
(151, 1, NULL, 0x3131312e39342e38322e313333, 'admin@gmail.com', '2022-11-16 00:51:15'),
(152, 1, NULL, 0x3131312e39342e38322e313333, 'admin@gmail.com', '2022-11-16 00:51:15'),
(153, 1, NULL, 0x323030313a343438613a333032663a31, 'Admin@gmail.com', '2022-11-16 01:05:50'),
(154, 1, NULL, 0x323030313a343438613a333032663a31, 'Admin@gmail.com', '2022-11-16 01:05:50'),
(155, 1, NULL, 0x3130332e3131312e3138382e3530, 'Admin@gmail.com', '2022-11-16 02:27:14'),
(156, 1, NULL, 0x3130332e3131312e3138382e3530, 'Admin@gmail.com', '2022-11-16 02:27:14'),
(157, 1, NULL, 0x3130332e3130342e31322e3237, 'admin@gmail.com', '2022-11-16 03:25:25'),
(158, 1, NULL, 0x3130332e3130342e31322e3237, 'admin@gmail.com', '2022-11-16 03:25:25'),
(159, 1, NULL, 0x3130332e3131312e3138382e3530, 'Admin@gmail.com', '2022-11-16 03:42:40'),
(160, 1, NULL, 0x3130332e3131312e3138382e3530, 'Admin@gmail.com', '2022-11-16 03:42:40'),
(161, 1, NULL, 0x3130332e3130342e31322e3237, 'admin@gmail.com', '2022-11-16 04:03:41'),
(162, 1, NULL, 0x3130332e3130342e31322e3237, 'admin@gmail.com', '2022-11-16 04:03:41'),
(163, 11, NULL, 0x32372e3132312e38312e32, 'pekanbaru@jne.co.id', '2022-11-16 04:18:07'),
(164, 11, NULL, 0x32372e3132312e38312e32, 'pekanbaru@jne.co.id', '2022-11-16 04:18:07'),
(165, 8, NULL, 0x3132352e3136372e35392e323336, 'palembang@jne.co.id', '2022-11-16 04:33:46'),
(166, 8, NULL, 0x3132352e3136372e35392e323336, 'palembang@jne.co.id', '2022-11-16 04:33:46'),
(167, 11, NULL, 0x3131342e31302e36382e3933, 'pekanbaru@jne.co.id ', '2022-11-16 04:33:53'),
(168, 11, NULL, 0x3131342e31302e36382e3933, 'pekanbaru@jne.co.id ', '2022-11-16 04:33:53'),
(169, 1, NULL, 0x3130332e3234322e3130342e3433, 'admin@gmail.com', '2022-11-16 04:47:53'),
(170, 1, NULL, 0x3130332e3234322e3130342e3433, 'admin@gmail.com', '2022-11-16 04:47:53'),
(171, 1, NULL, 0x3130332e3130342e31322e3237, 'admin@gmail.com', '2022-11-16 04:56:15'),
(172, 1, NULL, 0x3130332e3130342e31322e3237, 'admin@gmail.com', '2022-11-16 04:56:15'),
(173, 1, NULL, 0x3130332e3131312e3138382e3530, 'Admin@gmail.com', '2022-11-16 04:58:04'),
(174, 1, NULL, 0x3130332e3131312e3138382e3530, 'Admin@gmail.com', '2022-11-16 04:58:04'),
(175, 8, NULL, 0x3130332e3234322e3130342e3433, 'admin@palembang', '2022-11-16 05:04:41'),
(176, 8, NULL, 0x3130332e3234322e3130342e3433, 'admin@palembang', '2022-11-16 05:04:41'),
(177, 9, NULL, 0x3131302e3233322e38372e3330, 'admin@medan', '2022-11-16 05:06:48'),
(178, 9, NULL, 0x3131302e3233322e38372e3330, 'admin@medan', '2022-11-16 05:06:48'),
(179, 9, NULL, 0x3131302e3233322e38372e3330, 'admin@medan', '2022-11-16 05:11:07'),
(180, 9, NULL, 0x3131302e3233322e38372e3330, 'admin@medan', '2022-11-16 05:11:07'),
(181, 9, NULL, 0x3131302e3233322e38372e3330, 'admin@medan', '2022-11-16 05:28:13'),
(182, 9, NULL, 0x3131302e3233322e38372e3330, 'admin@medan', '2022-11-16 05:28:13'),
(183, 9, NULL, 0x3131302e3233322e38372e3330, 'admin@medan', '2022-11-16 05:55:14'),
(184, 9, NULL, 0x3131302e3233322e38372e3330, 'admin@medan', '2022-11-16 05:55:14'),
(185, 8, NULL, 0x3130332e3130342e31322e3237, 'admin@palembang', '2022-11-16 06:11:15'),
(186, 8, NULL, 0x3130332e3130342e31322e3237, 'admin@palembang', '2022-11-16 06:11:15'),
(187, 1, NULL, 0x3130332e3130342e31322e3237, 'admin@gmail.com', '2022-11-16 06:37:15'),
(188, 1, NULL, 0x3130332e3130342e31322e3237, 'admin@gmail.com', '2022-11-16 06:37:15'),
(189, 1, NULL, 0x3137352e3135382e35332e3934, 'admin@gmail.com', '2022-11-16 07:23:50'),
(190, 1, NULL, 0x3137352e3135382e35332e3934, 'admin@gmail.com', '2022-11-16 07:23:50'),
(191, 11, NULL, 0x3131302e3133372e39342e323037, 'admin@pekanbaru', '2022-11-16 07:29:04'),
(192, 11, NULL, 0x3131302e3133372e39342e323037, 'admin@pekanbaru', '2022-11-16 07:29:04'),
(193, 1, NULL, 0x3130332e3130342e31322e3237, 'admin@gmail.com', '2022-11-16 07:49:49'),
(194, 1, NULL, 0x3130332e3130342e31322e3237, 'admin@gmail.com', '2022-11-16 07:49:49'),
(195, 9, NULL, 0x3131302e3233322e38372e3330, 'admin@medan', '2022-11-16 08:03:52'),
(196, 9, NULL, 0x3131302e3233322e38372e3330, 'admin@medan', '2022-11-16 08:03:52'),
(197, 1, NULL, 0x3130332e3234322e3130342e3433, 'admin@gmail.com', '2022-11-16 09:21:24'),
(198, 1, NULL, 0x3130332e3234322e3130342e3433, 'admin@gmail.com', '2022-11-16 09:21:24'),
(199, 1, NULL, 0x3130332e3131312e3138382e3530, 'Admin@gmail.com', '2022-11-16 09:23:00'),
(200, 1, NULL, 0x3130332e3131312e3138382e3530, 'Admin@gmail.com', '2022-11-16 09:23:00'),
(201, 11, NULL, 0x3131302e3133372e39342e323037, 'admin@pekanbaru', '2022-11-16 09:33:31'),
(202, 11, NULL, 0x3131302e3133372e39342e323037, 'admin@pekanbaru', '2022-11-16 09:33:31'),
(203, 11, NULL, 0x32372e3132312e38312e32, 'admin@pekanbaru', '2022-11-16 11:05:28'),
(204, 11, NULL, 0x32372e3132312e38312e32, 'admin@pekanbaru', '2022-11-16 11:05:28'),
(205, 1, NULL, 0x3131312e39352e3232312e313030, 'admin@gmail.com', '2022-11-16 12:27:10'),
(206, 1, NULL, 0x3131312e39352e3232312e313030, 'admin@gmail.com', '2022-11-16 12:27:10'),
(207, 1, NULL, 0x3130332e3134372e392e3937, 'admin@gmail.com', '2022-11-16 12:28:28'),
(208, 1, NULL, 0x3130332e3134372e392e3937, 'admin@gmail.com', '2022-11-16 12:28:28'),
(209, 11, NULL, 0x3131302e3133372e39342e323037, 'admin@pekanbaru', '2022-11-17 02:33:43'),
(210, 11, NULL, 0x3131302e3133372e39342e323037, 'admin@pekanbaru', '2022-11-17 02:33:43'),
(211, 1, NULL, 0x3130332e3130342e31322e3237, 'admin@gmail.com', '2022-11-17 02:54:07'),
(212, 1, NULL, 0x3130332e3130342e31322e3237, 'admin@gmail.com', '2022-11-17 02:54:07'),
(213, 1, NULL, 0x3130332e3130342e31322e3237, 'admin@gmail.com', '2022-11-17 04:44:34'),
(214, 1, NULL, 0x3130332e3130342e31322e3237, 'admin@gmail.com', '2022-11-17 04:44:34'),
(215, 8, NULL, 0x3132352e3136372e35392e323336, 'admin@palembang', '2022-11-17 07:19:51'),
(216, 8, NULL, 0x3132352e3136372e35392e323336, 'admin@palembang', '2022-11-17 07:19:51'),
(217, 1, NULL, 0x3130332e3130342e31322e3237, 'admin@gmail.com', '2022-11-17 08:14:15'),
(218, 1, NULL, 0x3130332e3130342e31322e3237, 'admin@gmail.com', '2022-11-17 08:14:15'),
(219, 1, NULL, 0x3132352e3136342e31382e3237, 'admin@gmail.com', '2022-11-17 08:14:22'),
(220, 1, NULL, 0x3132352e3136342e31382e3237, 'admin@gmail.com', '2022-11-17 08:14:22'),
(221, 1, NULL, 0x3130332e3234322e3130342e3433, 'admin@gmail.com', '2022-11-17 08:23:46'),
(222, 1, NULL, 0x3130332e3234322e3130342e3433, 'admin@gmail.com', '2022-11-17 08:23:46'),
(223, 11, NULL, 0x32372e3132312e38312e32, 'admin@pekanbaru', '2022-11-17 09:01:12'),
(224, 11, NULL, 0x32372e3132312e38312e32, 'admin@pekanbaru', '2022-11-17 09:01:12'),
(225, 1, NULL, 0x3131312e39342e38322e313333, 'admin@gmail.com', '2022-11-17 15:27:08'),
(226, 1, NULL, 0x3131312e39342e38322e313333, 'admin@gmail.com', '2022-11-17 15:27:08'),
(227, 1, NULL, 0x3130332e3134372e392e3937, 'admin@gmail.com', '2022-11-17 18:01:19'),
(228, 1, NULL, 0x3130332e3134372e392e3937, 'admin@gmail.com', '2022-11-17 18:01:19'),
(229, 1, NULL, 0x3132352e3136342e32332e313038, 'admin@gmail.com', '2022-11-17 19:12:42'),
(230, 1, NULL, 0x3132352e3136342e32332e313038, 'admin@gmail.com', '2022-11-17 19:12:42'),
(231, 1, NULL, 0x3131312e39352e3232312e313030, 'admin@gmail.com', '2022-11-17 22:40:34'),
(232, 1, NULL, 0x3131312e39352e3232312e313030, 'admin@gmail.com', '2022-11-17 22:40:34'),
(233, 1, NULL, 0x3131312e39352e3232312e313030, 'admin@gmail.com', '2022-11-17 23:59:58'),
(234, 1, NULL, 0x3131312e39352e3232312e313030, 'admin@gmail.com', '2022-11-17 23:59:58'),
(235, 1, NULL, 0x3131312e39352e3232312e313030, 'admin@gmail.com', '2022-11-18 00:08:11'),
(236, 1, NULL, 0x3131312e39352e3232312e313030, 'admin@gmail.com', '2022-11-18 00:08:11'),
(237, 1, NULL, 0x3130332e3134372e392e3937, 'admin@gmail.com', '2022-11-18 01:59:10'),
(238, 1, NULL, 0x3130332e3134372e392e3937, 'admin@gmail.com', '2022-11-18 01:59:10'),
(239, 11, NULL, 0x32372e3132312e38312e32, 'admin@pekanbaru', '2022-11-18 02:04:13'),
(240, 11, NULL, 0x32372e3132312e38312e32, 'admin@pekanbaru', '2022-11-18 02:04:13'),
(241, 11, NULL, 0x32372e3132312e38312e32, 'admin@pekanbaru', '2022-11-18 02:28:15'),
(242, 11, NULL, 0x32372e3132312e38312e32, 'admin@pekanbaru', '2022-11-18 02:28:15'),
(243, 1, NULL, 0x3130332e3234322e3130342e3433, 'admin@gmail.com', '2022-11-18 02:57:42'),
(244, 1, NULL, 0x3130332e3234322e3130342e3433, 'admin@gmail.com', '2022-11-18 02:57:42'),
(245, 8, NULL, 0x3132352e3136372e35392e323336, 'admin@palembang', '2022-11-18 03:12:34'),
(246, 8, NULL, 0x3132352e3136372e35392e323336, 'admin@palembang', '2022-11-18 03:12:34'),
(247, 8, NULL, 0x3132352e3136372e35392e323336, 'admin@palembang', '2022-11-18 03:16:23'),
(248, 8, NULL, 0x3132352e3136372e35392e323336, 'admin@palembang', '2022-11-18 03:16:23'),
(249, 1, NULL, 0x3130332e3131312e3138382e3530, 'Admin@gmail.com', '2022-11-18 03:25:42'),
(250, 1, NULL, 0x3130332e3131312e3138382e3530, 'Admin@gmail.com', '2022-11-18 03:25:42'),
(251, 1, NULL, 0x3131342e352e3230392e3938, 'admin@gmail.com', '2022-11-18 04:04:25'),
(252, 1, NULL, 0x3131342e352e3230392e3938, 'admin@gmail.com', '2022-11-18 04:04:25'),
(253, 8, NULL, 0x3132352e3136372e35392e323336, 'admin@palembang', '2022-11-18 04:20:29'),
(254, 8, NULL, 0x3132352e3136372e35392e323336, 'admin@palembang', '2022-11-18 04:20:29'),
(255, 1, NULL, 0x3130332e3234322e3130342e3433, 'admin@gmail.com', '2022-11-18 05:45:24'),
(256, 1, NULL, 0x3130332e3234322e3130342e3433, 'admin@gmail.com', '2022-11-18 05:45:24'),
(257, 1, NULL, 0x3132352e3136342e32302e313336, 'admin@gmail.com', '2022-11-18 06:33:28'),
(258, 1, NULL, 0x3132352e3136342e32302e313336, 'admin@gmail.com', '2022-11-18 06:33:28'),
(259, 1, NULL, 0x3130332e3234322e3130342e3433, 'admin@gmail.com', '2022-11-18 08:12:14'),
(260, 1, NULL, 0x3130332e3234322e3130342e3433, 'admin@gmail.com', '2022-11-18 08:12:14'),
(261, 1, NULL, 0x3130332e3131312e3138382e3530, 'Admin@gmail.com', '2022-11-18 08:54:27'),
(262, 1, NULL, 0x3130332e3131312e3138382e3530, 'Admin@gmail.com', '2022-11-18 08:54:27'),
(263, 9, NULL, 0x3131302e3233322e38372e3330, 'admin@medan', '2022-11-19 05:01:51'),
(264, 9, NULL, 0x3131302e3233322e38372e3330, 'admin@medan', '2022-11-19 05:01:51'),
(265, 11, NULL, 0x32372e3132312e38312e32, 'admin@pekanbaru', '2022-11-19 07:36:31'),
(266, 11, NULL, 0x32372e3132312e38312e32, 'admin@pekanbaru', '2022-11-19 07:36:31'),
(267, 1, NULL, 0x3131342e352e3235322e3736, 'admin@gmail.com', '2022-11-20 01:47:12'),
(268, 1, NULL, 0x3131342e352e3235322e3736, 'admin@gmail.com', '2022-11-20 01:47:12'),
(269, 1, NULL, 0x3131342e352e3235322e3736, 'admin@gmail.com', '2022-11-20 06:03:54'),
(270, 1, NULL, 0x3131342e352e3235322e3736, 'admin@gmail.com', '2022-11-20 06:03:54'),
(271, 1, NULL, 0x3138322e322e3134312e313731, 'admin@gmail.com', '2022-11-21 00:06:44'),
(272, 1, NULL, 0x3138322e322e3134312e313731, 'admin@gmail.com', '2022-11-21 00:06:44'),
(273, 1, NULL, 0x3130332e3131312e3138382e3530, 'Admin@gmail.com', '2022-11-21 02:07:38'),
(274, 1, NULL, 0x3130332e3131312e3138382e3530, 'Admin@gmail.com', '2022-11-21 02:07:38'),
(275, 1, NULL, 0x3130332e3131312e3138382e3530, 'admin@gmail.com', '2022-11-21 02:10:16'),
(276, 1, NULL, 0x3130332e3131312e3138382e3530, 'admin@gmail.com', '2022-11-21 02:10:16'),
(277, 1, NULL, 0x3130332e3131312e3138382e3530, 'admin@gmail.com', '2022-11-21 04:53:44'),
(278, 1, NULL, 0x3130332e3131312e3138382e3530, 'admin@gmail.com', '2022-11-21 04:53:44'),
(279, 1, NULL, 0x3130332e3130342e31322e3237, 'admin@gmail.com', '2022-11-21 05:52:08'),
(280, 1, NULL, 0x3130332e3130342e31322e3237, 'admin@gmail.com', '2022-11-21 05:52:08'),
(281, 8, NULL, 0x3132352e3136372e35362e323037, 'admin@palembang', '2022-11-21 06:12:39'),
(282, 8, NULL, 0x3132352e3136372e35362e323037, 'admin@palembang', '2022-11-21 06:12:39'),
(283, 11, NULL, 0x32372e3132312e38312e32, 'admin@pekanbaru', '2022-11-21 06:17:10'),
(284, 11, NULL, 0x32372e3132312e38312e32, 'admin@pekanbaru', '2022-11-21 06:17:10'),
(285, 11, NULL, 0x32372e3132312e38312e32, 'admin@pekanbaru', '2022-11-21 07:26:27'),
(286, 11, NULL, 0x32372e3132312e38312e32, 'admin@pekanbaru', '2022-11-21 07:26:27'),
(287, 11, NULL, 0x3138302e3234312e3234302e313831, 'admin@pekanbaru', '2022-11-21 07:28:00'),
(288, 11, NULL, 0x3138302e3234312e3234302e313831, 'admin@pekanbaru', '2022-11-21 07:28:00'),
(289, 15, NULL, 0x3134302e3231332e302e313235, 'andri@queenshamedia.com', '2022-11-21 08:11:03'),
(290, 15, NULL, 0x3134302e3231332e302e313235, 'andri@queenshamedia.com', '2022-11-21 08:11:03'),
(291, 1, NULL, 0x3130332e3134372e392e323338, 'admin@gmail.com', '2022-11-21 08:11:50'),
(292, 1, NULL, 0x3130332e3134372e392e323338, 'admin@gmail.com', '2022-11-21 08:11:50'),
(293, 1, NULL, 0x3130332e3130342e31322e3237, 'admin@gmail.com', '2022-11-21 08:15:13'),
(294, 1, NULL, 0x3130332e3130342e31322e3237, 'admin@gmail.com', '2022-11-21 08:15:13'),
(295, 1, NULL, 0x3130332e3130342e31322e3237, 'admin@gmail.com', '2022-11-21 08:22:59'),
(296, 1, NULL, 0x3130332e3130342e31322e3237, 'admin@gmail.com', '2022-11-21 08:22:59'),
(297, 1, NULL, 0x3130332e3134372e392e323338, 'admin@gmail.com', '2022-11-21 08:41:45'),
(298, 1, NULL, 0x3130332e3134372e392e323338, 'admin@gmail.com', '2022-11-21 08:41:45'),
(299, 1, NULL, 0x3130332e3134372e392e323338, 'admin@gmail.com', '2022-11-21 08:42:40'),
(300, 1, NULL, 0x3130332e3134372e392e323338, 'admin@gmail.com', '2022-11-21 08:42:40'),
(301, 1, NULL, 0x3130332e3131312e3138382e3530, 'Admin@gmail.com', '2022-11-21 08:45:55'),
(302, 1, NULL, 0x3130332e3131312e3138382e3530, 'Admin@gmail.com', '2022-11-21 08:45:55'),
(303, 15, NULL, 0x3134302e3231332e302e313235, 'andri@queenshamedia.com', '2022-11-21 08:58:03'),
(304, 15, NULL, 0x3134302e3231332e302e313235, 'andri@queenshamedia.com', '2022-11-21 08:58:03'),
(305, 8, NULL, 0x3130332e3131312e3138382e3530, 'admin@palembang', '2022-11-21 09:32:24'),
(306, 8, NULL, 0x3130332e3131312e3138382e3530, 'admin@palembang', '2022-11-21 09:32:24'),
(307, 1, NULL, 0x3130332e3131312e3138382e3530, 'Admin@gmail.com', '2022-11-21 09:58:30'),
(308, 1, NULL, 0x3130332e3131312e3138382e3530, 'Admin@gmail.com', '2022-11-21 09:58:30'),
(309, 11, NULL, 0x3138322e3235332e3135392e313339, 'admin@pekanbaru', '2022-11-21 10:41:16'),
(310, 11, NULL, 0x3138322e3235332e3135392e313339, 'admin@pekanbaru', '2022-11-21 10:41:16'),
(311, 9, NULL, 0x3131302e3233322e38372e3330, 'admin@medan', '2022-11-21 11:38:42'),
(312, 9, NULL, 0x3131302e3233322e38372e3330, 'admin@medan', '2022-11-21 11:38:42'),
(313, 11, NULL, 0x3131342e3132352e382e313137, 'admin@pekanbaru', '2022-11-21 15:04:21'),
(314, 11, NULL, 0x3131342e3132352e382e313137, 'admin@pekanbaru', '2022-11-21 15:04:21'),
(315, 1, NULL, 0x3130332e3131312e3138382e3530, 'Admin@gmail.com', '2022-11-22 02:45:28'),
(316, 1, NULL, 0x3130332e3131312e3138382e3530, 'Admin@gmail.com', '2022-11-22 02:45:28'),
(317, 11, NULL, 0x3132352e3136352e3130382e3532, 'admin@pekanbaru', '2022-11-22 03:23:49'),
(318, 11, NULL, 0x3132352e3136352e3130382e3532, 'admin@pekanbaru', '2022-11-22 03:23:49'),
(319, 8, NULL, 0x3132352e3136372e35362e323037, 'admin@palembang', '2022-11-22 03:29:25'),
(320, 8, NULL, 0x3132352e3136372e35362e323037, 'admin@palembang', '2022-11-22 03:29:25'),
(321, 9, NULL, 0x3130332e3131312e3138382e3530, 'admin@medan', '2022-11-22 03:46:38'),
(322, 9, NULL, 0x3130332e3131312e3138382e3530, 'admin@medan', '2022-11-22 03:46:38'),
(323, 9, NULL, 0x3130332e3131312e3138382e3530, 'admin@medan', '2022-11-22 03:46:58'),
(324, 9, NULL, 0x3130332e3131312e3138382e3530, 'admin@medan', '2022-11-22 03:46:58'),
(325, 1, NULL, 0x3134302e3231332e31362e313733, 'admin@gmail.com', '2022-11-22 03:50:58'),
(326, 1, NULL, 0x3134302e3231332e31362e313733, 'admin@gmail.com', '2022-11-22 03:50:58'),
(327, 1, NULL, 0x3130332e3130342e31322e3237, 'admin@gmail.com', '2022-11-22 03:52:00'),
(328, 1, NULL, 0x3130332e3130342e31322e3237, 'admin@gmail.com', '2022-11-22 03:52:00'),
(329, 8, NULL, 0x3130332e3131312e3138382e3530, 'admin@palembang', '2022-11-22 03:52:16'),
(330, 8, NULL, 0x3130332e3131312e3138382e3530, 'admin@palembang', '2022-11-22 03:52:16'),
(331, 1, NULL, 0x3130332e3131312e3138382e3530, 'Admin@gmail.com', '2022-11-22 04:06:35'),
(332, 1, NULL, 0x3130332e3131312e3138382e3530, 'Admin@gmail.com', '2022-11-22 04:06:35'),
(333, 9, NULL, 0x3131302e3233322e38372e3330, 'admin@medan', '2022-11-22 04:10:14'),
(334, 9, NULL, 0x3131302e3233322e38372e3330, 'admin@medan', '2022-11-22 04:10:14'),
(335, 9, NULL, 0x3131302e3233322e38372e3330, 'admin@medan', '2022-11-22 04:58:36'),
(336, 9, NULL, 0x3131302e3233322e38372e3330, 'admin@medan', '2022-11-22 04:58:36'),
(337, 9, NULL, 0x3131302e3233322e38372e3330, 'admin@medan', '2022-11-22 05:44:17'),
(338, 9, NULL, 0x3131302e3233322e38372e3330, 'admin@medan', '2022-11-22 05:44:17'),
(339, 9, NULL, 0x3131302e3233322e38372e3330, 'admin@medan', '2022-11-22 05:46:57'),
(340, 9, NULL, 0x3131302e3233322e38372e3330, 'admin@medan', '2022-11-22 05:46:57'),
(341, 1, NULL, 0x3138322e322e3134312e313833, 'admin@gmail.com', '2022-11-22 05:47:04'),
(342, 1, NULL, 0x3138322e322e3134312e313833, 'admin@gmail.com', '2022-11-22 05:47:04'),
(343, 8, NULL, 0x3132352e3136372e35362e323037, 'admin@palembang', '2022-11-22 06:01:51'),
(344, 8, NULL, 0x3132352e3136372e35362e323037, 'admin@palembang', '2022-11-22 06:01:51'),
(345, 9, NULL, 0x3131302e3233322e38372e3330, 'admin@medan', '2022-11-22 06:05:17'),
(346, 9, NULL, 0x3131302e3233322e38372e3330, 'admin@medan', '2022-11-22 06:05:17'),
(347, 1, NULL, 0x3130332e3130342e31322e3237, 'admin@gmail.com', '2022-11-22 06:42:10'),
(348, 1, NULL, 0x3130332e3130342e31322e3237, 'admin@gmail.com', '2022-11-22 06:42:10'),
(349, 9, NULL, 0x3130332e3130342e31322e3237, 'admin@medan', '2022-11-22 06:45:54'),
(350, 9, NULL, 0x3130332e3130342e31322e3237, 'admin@medan', '2022-11-22 06:45:54'),
(351, 9, NULL, 0x3130332e3130342e31322e3237, 'admin@medan', '2022-11-22 06:49:35'),
(352, 9, NULL, 0x3130332e3130342e31322e3237, 'admin@medan', '2022-11-22 06:49:35'),
(353, 8, NULL, 0x3132352e3136372e35362e323037, 'admin@palembang', '2022-11-22 07:07:16'),
(354, 8, NULL, 0x3132352e3136372e35362e323037, 'admin@palembang', '2022-11-22 07:07:16'),
(355, 15, NULL, 0x3131322e3231352e3135312e313735, 'andri@queenshamedia.com', '2022-11-22 08:01:11'),
(356, 15, NULL, 0x3131322e3231352e3135312e313735, 'andri@queenshamedia.com', '2022-11-22 08:01:11'),
(357, 8, NULL, 0x3132352e3136372e35362e323037, 'admin@palembang', '2022-11-22 09:28:30'),
(358, 8, NULL, 0x3132352e3136372e35362e323037, 'admin@palembang', '2022-11-22 09:28:30'),
(359, 1, NULL, 0x3130332e3130342e31322e3237, 'admin@gmail.com', '2022-11-22 09:45:44'),
(360, 1, NULL, 0x3130332e3130342e31322e3237, 'admin@gmail.com', '2022-11-22 09:45:44'),
(361, 11, NULL, 0x3132352e3136352e3130382e3532, 'admin@pekanbaru', '2022-11-22 09:46:31'),
(362, 11, NULL, 0x3132352e3136352e3130382e3532, 'admin@pekanbaru', '2022-11-22 09:46:31'),
(363, 11, NULL, 0x32372e3132312e38312e32, 'admin@pekanbaru', '2022-11-22 10:25:47'),
(364, 11, NULL, 0x32372e3132312e38312e32, 'admin@pekanbaru', '2022-11-22 10:25:47'),
(365, 9, NULL, 0x3130332e3134372e392e313839, 'admin@medan', '2022-11-22 10:36:10'),
(366, 9, NULL, 0x3130332e3134372e392e313839, 'admin@medan', '2022-11-22 10:36:10'),
(367, 1, NULL, 0x3130332e3134372e392e313839, 'admin@gmail.com', '2022-11-22 10:36:29'),
(368, 1, NULL, 0x3130332e3134372e392e313839, 'admin@gmail.com', '2022-11-22 10:36:29'),
(369, 1, NULL, 0x3130332e3134372e392e313839, 'admin@gmail.com', '2022-11-22 17:52:59'),
(370, 1, NULL, 0x3130332e3134372e392e313839, 'admin@gmail.com', '2022-11-22 17:52:59'),
(371, 1, NULL, 0x3130332e3131312e3138382e3530, 'admin@gmail.com', '2022-11-23 04:04:45'),
(372, 1, NULL, 0x3130332e3131312e3138382e3530, 'admin@gmail.com', '2022-11-23 04:04:45'),
(373, 11, NULL, 0x32372e3132312e38312e32, 'admin@pekanbaru', '2022-11-23 05:13:47'),
(374, 11, NULL, 0x32372e3132312e38312e32, 'admin@pekanbaru', '2022-11-23 05:13:47'),
(375, 1, NULL, 0x3130332e3130342e31322e3237, 'admin@gmail.com', '2022-11-23 06:19:53'),
(376, 1, NULL, 0x3130332e3130342e31322e3237, 'admin@gmail.com', '2022-11-23 06:19:53'),
(377, 8, NULL, 0x3132352e3136372e35362e323032, 'admin@palembang', '2022-11-23 06:53:18'),
(378, 8, NULL, 0x3132352e3136372e35362e323032, 'admin@palembang', '2022-11-23 06:53:18'),
(379, 8, NULL, 0x3132352e3136372e35362e323032, 'admin@palembang', '2022-11-23 07:27:13'),
(380, 8, NULL, 0x3132352e3136372e35362e323032, 'admin@palembang', '2022-11-23 07:27:13'),
(381, 15, NULL, 0x3131322e3231352e36352e38, 'andri@queenshamedia.com', '2022-11-23 07:34:05'),
(382, 15, NULL, 0x3131322e3231352e36352e38, 'andri@queenshamedia.com', '2022-11-23 07:34:05'),
(383, 9, NULL, 0x3131302e3233322e38372e3330, 'admin@medan', '2022-11-23 07:34:50'),
(384, 9, NULL, 0x3131302e3233322e38372e3330, 'admin@medan', '2022-11-23 07:34:50'),
(385, 11, NULL, 0x32372e3132312e38312e32, 'admin@pekanbaru', '2022-11-23 07:49:23'),
(386, 11, NULL, 0x32372e3132312e38312e32, 'admin@pekanbaru', '2022-11-23 07:49:23'),
(387, 1, NULL, 0x3131342e3132322e37302e3939, 'Admin@gmail.com', '2022-11-23 07:57:26'),
(388, 1, NULL, 0x3131342e3132322e37302e3939, 'Admin@gmail.com', '2022-11-23 07:57:26'),
(389, 1, NULL, 0x3130332e3131312e3138382e3530, 'admin@gmail.com', '2022-11-23 08:03:52'),
(390, 1, NULL, 0x3130332e3131312e3138382e3530, 'admin@gmail.com', '2022-11-23 08:03:52'),
(391, 1, NULL, 0x3134302e3231332e31362e313732, 'admin@gmail.com', '2022-11-23 08:24:51'),
(392, 1, NULL, 0x3134302e3231332e31362e313732, 'admin@gmail.com', '2022-11-23 08:24:51'),
(393, 11, NULL, 0x32372e3132312e38312e32, 'admin@pekanbaru', '2022-11-23 09:58:17'),
(394, 11, NULL, 0x32372e3132312e38312e32, 'admin@pekanbaru', '2022-11-23 09:58:17'),
(395, 8, NULL, 0x3132352e3136372e35362e323032, 'admin@palembang', '2022-11-23 10:00:30'),
(396, 8, NULL, 0x3132352e3136372e35362e323032, 'admin@palembang', '2022-11-23 10:00:30'),
(397, 1, NULL, 0x3130332e3134372e392e31, 'admin@gmail.com', '2022-11-23 14:26:24'),
(398, 1, NULL, 0x3130332e3134372e392e31, 'admin@gmail.com', '2022-11-23 14:26:24'),
(399, 1, NULL, 0x3130332e3134372e392e31, 'admin@gmail.com', '2022-11-24 01:55:11'),
(400, 1, NULL, 0x3130332e3134372e392e31, 'admin@gmail.com', '2022-11-24 01:55:11'),
(401, 1, NULL, 0x3131342e3132322e37332e3736, 'admin@gmail.com', '2022-11-24 02:56:07'),
(402, 1, NULL, 0x3131342e3132322e37332e3736, 'admin@gmail.com', '2022-11-24 02:56:07'),
(403, 1, NULL, 0x3130332e3131312e3138382e3530, 'admin@gmail.com', '2022-11-24 03:28:08'),
(404, 1, NULL, 0x3130332e3131312e3138382e3530, 'admin@gmail.com', '2022-11-24 03:28:08'),
(405, 1, NULL, 0x3138322e302e3136362e3833, 'Admin@gmail.com', '2022-11-24 07:04:55'),
(406, 1, NULL, 0x3138322e302e3136362e3833, 'Admin@gmail.com', '2022-11-24 07:04:55'),
(407, 1, NULL, 0x3130332e3131312e3138382e3530, 'admin@gmail.com', '2022-11-24 07:17:33'),
(408, 1, NULL, 0x3130332e3131312e3138382e3530, 'admin@gmail.com', '2022-11-24 07:17:33'),
(409, 15, NULL, 0x3134302e3231332e322e323134, 'andri@queenshamedia.com', '2022-11-24 07:23:42'),
(410, 15, NULL, 0x3134302e3231332e322e323134, 'andri@queenshamedia.com', '2022-11-24 07:23:42'),
(411, 9, NULL, 0x3131302e3233322e38372e3330, 'admin@medan', '2022-11-24 07:25:27'),
(412, 9, NULL, 0x3131302e3233322e38372e3330, 'admin@medan', '2022-11-24 07:25:27'),
(413, 8, NULL, 0x3132352e3136372e35362e3137, 'admin@palembang', '2022-11-24 07:28:17'),
(414, 8, NULL, 0x3132352e3136372e35362e3137, 'admin@palembang', '2022-11-24 07:28:17'),
(415, 8, NULL, 0x3132352e3136372e35362e3137, 'admin@palembang', '2022-11-24 07:36:50'),
(416, 8, NULL, 0x3132352e3136372e35362e3137, 'admin@palembang', '2022-11-24 07:36:50'),
(417, 1, NULL, 0x3132352e3136342e32332e313132, 'admin@gmail.com', '2022-11-24 07:41:11'),
(418, 1, NULL, 0x3132352e3136342e32332e313132, 'admin@gmail.com', '2022-11-24 07:41:11'),
(419, 11, NULL, 0x32372e3132312e38312e32, 'admin@pekanbaru', '2022-11-24 07:46:43'),
(420, 11, NULL, 0x32372e3132312e38312e32, 'admin@pekanbaru', '2022-11-24 07:46:43'),
(421, 1, NULL, 0x3138352e3232302e3130312e3232, 'admin@gmail.com', '2022-11-24 08:46:53'),
(422, 1, NULL, 0x3138352e3232302e3130312e3232, 'admin@gmail.com', '2022-11-24 08:46:53'),
(423, 1, NULL, 0x3130332e3131312e3138382e3530, 'Admin@gmail.com', '2022-11-25 03:23:26'),
(424, 1, NULL, 0x3130332e3131312e3138382e3530, 'Admin@gmail.com', '2022-11-25 03:23:26'),
(425, 1, NULL, 0x3131342e352e3231392e313636, 'admin@gmail.com', '2022-11-25 03:37:53'),
(426, 1, NULL, 0x3131342e352e3231392e313636, 'admin@gmail.com', '2022-11-25 03:37:53'),
(427, 8, NULL, 0x3132352e3136372e35362e3137, 'admin@palembang', '2022-11-25 03:48:21'),
(428, 8, NULL, 0x3132352e3136372e35362e3137, 'admin@palembang', '2022-11-25 03:48:21'),
(429, 8, NULL, 0x3132352e3136372e35362e3137, 'admin@palembang', '2022-11-25 07:06:27'),
(430, 8, NULL, 0x3132352e3136372e35362e3137, 'admin@palembang', '2022-11-25 07:06:27'),
(431, 11, NULL, 0x3132352e3136352e3130382e3532, 'admin@pekanbaru', '2022-11-25 07:28:44'),
(432, 11, NULL, 0x3132352e3136352e3130382e3532, 'admin@pekanbaru', '2022-11-25 07:28:44'),
(433, 8, NULL, 0x3132352e3136372e35362e3137, 'admin@palembang', '2022-11-25 07:38:13'),
(434, 8, NULL, 0x3132352e3136372e35362e3137, 'admin@palembang', '2022-11-25 07:38:13'),
(435, 1, NULL, 0x3130332e3131312e3138382e3530, 'Admin@gmail.com', '2022-11-25 07:43:27'),
(436, 1, NULL, 0x3130332e3131312e3138382e3530, 'Admin@gmail.com', '2022-11-25 07:43:27'),
(437, 9, NULL, 0x3131302e3233322e38372e3330, 'admin@medan', '2022-11-25 07:57:46'),
(438, 9, NULL, 0x3131302e3233322e38372e3330, 'admin@medan', '2022-11-25 07:57:46'),
(439, 15, NULL, 0x3131322e3231352e3137312e313032, 'andri@queenshamedia.com', '2022-11-25 08:02:11'),
(440, 15, NULL, 0x3131322e3231352e3137312e313032, 'andri@queenshamedia.com', '2022-11-25 08:02:11'),
(441, 8, NULL, 0x3132352e3136372e35362e3137, 'admin@palembang', '2022-11-25 08:05:05'),
(442, 8, NULL, 0x3132352e3136372e35362e3137, 'admin@palembang', '2022-11-25 08:05:05'),
(443, 1, NULL, 0x3131342e352e3231302e323435, 'admin@gmail.com', '2022-11-25 09:35:06'),
(444, 1, NULL, 0x3131342e352e3231302e323435, 'admin@gmail.com', '2022-11-25 09:35:06'),
(445, 9, NULL, 0x3131302e3233322e38372e3330, 'admin@medan', '2022-11-25 14:47:50'),
(446, 9, NULL, 0x3131302e3233322e38372e3330, 'admin@medan', '2022-11-25 14:47:50'),
(447, 8, NULL, 0x3138302e3234312e3234332e323433, 'admin@palembang', '2022-11-26 07:18:51'),
(448, 8, NULL, 0x3138302e3234312e3234332e323433, 'admin@palembang', '2022-11-26 07:18:51'),
(449, 8, NULL, 0x3132352e3136372e35392e3139, 'admin@palembang', '2022-11-26 07:33:33'),
(450, 8, NULL, 0x3132352e3136372e35392e3139, 'admin@palembang', '2022-11-26 07:33:33'),
(451, 9, NULL, 0x3131302e3233322e38372e3330, 'admin@medan', '2022-11-26 07:36:02'),
(452, 9, NULL, 0x3131302e3233322e38372e3330, 'admin@medan', '2022-11-26 07:36:02'),
(453, 11, NULL, 0x3132352e3136352e3130382e3532, 'admin@pekanbaru', '2022-11-26 07:41:03'),
(454, 11, NULL, 0x3132352e3136352e3130382e3532, 'admin@pekanbaru', '2022-11-26 07:41:03'),
(455, 15, NULL, 0x3134302e3231332e372e313236, 'andri@queenshamedia.com', '2022-11-26 08:02:18'),
(456, 15, NULL, 0x3134302e3231332e372e313236, 'andri@queenshamedia.com', '2022-11-26 08:02:18'),
(457, 1, NULL, 0x3131342e352e3231372e3733, 'admin@gmail.com', '2022-11-26 12:37:08'),
(458, 1, NULL, 0x3131342e352e3231372e3733, 'admin@gmail.com', '2022-11-26 12:37:08'),
(459, 9, NULL, 0x3131302e3233322e38372e3330, 'admin@medan', '2022-11-26 13:22:35'),
(460, 9, NULL, 0x3131302e3233322e38372e3330, 'admin@medan', '2022-11-26 13:22:35'),
(461, 1, NULL, 0x3131342e352e3231372e3733, 'admin@gmail.com', '2022-11-27 00:11:25'),
(462, 1, NULL, 0x3131342e352e3231372e3733, 'admin@gmail.com', '2022-11-27 00:11:25'),
(463, 1, NULL, 0x3131342e352e3231372e3733, 'admin@gmail.com', '2022-11-27 03:57:31'),
(464, 1, NULL, 0x3131342e352e3231372e3733, 'admin@gmail.com', '2022-11-27 03:57:31'),
(465, 1, NULL, 0x3131342e352e3231382e313438, 'admin@gmail.com', '2022-11-27 06:22:17'),
(466, 1, NULL, 0x3131342e352e3231382e313438, 'admin@gmail.com', '2022-11-27 06:22:17'),
(467, 1, NULL, 0x3131342e352e3231382e313438, 'admin@gmail.com', '2022-11-27 08:28:43'),
(468, 1, NULL, 0x3131342e352e3231382e313438, 'admin@gmail.com', '2022-11-27 08:28:43'),
(469, 11, NULL, 0x3131362e302e302e323236, 'admin@pekanbaru', '2022-11-27 12:46:16'),
(470, 11, NULL, 0x3131362e302e302e323236, 'admin@pekanbaru', '2022-11-27 12:46:16'),
(471, 1, NULL, 0x3130332e3130342e31322e3237, 'admin@gmail.com', '2022-11-28 05:54:50'),
(472, 1, NULL, 0x3130332e3130342e31322e3237, 'admin@gmail.com', '2022-11-28 05:54:50'),
(473, 1, NULL, 0x3131342e3132322e3130372e3639, 'Admin@gmail.com', '2022-11-28 05:58:22'),
(474, 1, NULL, 0x3131342e3132322e3130372e3639, 'Admin@gmail.com', '2022-11-28 05:58:22'),
(475, 1, NULL, 0x3132352e3136342e32332e313733, 'admin@gmail.com', '2022-11-28 07:33:30'),
(476, 1, NULL, 0x3132352e3136342e32332e313733, 'admin@gmail.com', '2022-11-28 07:33:30'),
(477, 1, NULL, 0x3132352e3136342e32332e313733, 'admin@gmail.com', '2022-11-28 07:33:30'),
(478, 1, NULL, 0x3132352e3136342e32332e313733, 'admin@gmail.com', '2022-11-28 07:33:30'),
(479, 1, NULL, 0x3130332e3130342e31322e3237, 'admin@gmail.com', '2022-11-28 07:34:26'),
(480, 1, NULL, 0x3130332e3130342e31322e3237, 'admin@gmail.com', '2022-11-28 07:34:26'),
(481, 1, NULL, 0x3132352e3136342e32302e313436, 'admin@gmail.com', '2022-11-28 07:45:27'),
(482, 1, NULL, 0x3132352e3136342e32302e313436, 'admin@gmail.com', '2022-11-28 07:45:27'),
(483, 8, NULL, 0x3132352e3136372e35392e3139, 'admin@palembang', '2022-11-28 08:16:40'),
(484, 8, NULL, 0x3132352e3136372e35392e3139, 'admin@palembang', '2022-11-28 08:16:40'),
(485, 8, NULL, 0x323030313a343438613a333030653a33, 'admin@palembang', '2022-11-28 08:28:47'),
(486, 8, NULL, 0x323030313a343438613a333030653a33, 'admin@palembang', '2022-11-28 08:28:47'),
(487, 9, NULL, 0x3131302e3233322e38372e3330, 'admin@medan', '2022-11-28 08:33:35'),
(488, 9, NULL, 0x3131302e3233322e38372e3330, 'admin@medan', '2022-11-28 08:33:35'),
(489, 15, NULL, 0x3134302e3231332e392e323533, 'andri@queenshamedia.com', '2022-11-28 08:34:09'),
(490, 15, NULL, 0x3134302e3231332e392e323533, 'andri@queenshamedia.com', '2022-11-28 08:34:09'),
(491, 11, NULL, 0x3132352e3136352e3130342e323033, 'admin@pekanbaru', '2022-11-28 08:57:03'),
(492, 11, NULL, 0x3132352e3136352e3130342e323033, 'admin@pekanbaru', '2022-11-28 08:57:03'),
(493, 9, NULL, 0x3131302e3233322e38372e3330, 'admin@medan', '2022-11-28 09:21:31'),
(494, 9, NULL, 0x3131302e3233322e38372e3330, 'admin@medan', '2022-11-28 09:21:31'),
(495, 8, NULL, 0x3132352e3136372e35392e3139, 'admin@palembang', '2022-11-28 10:34:33'),
(496, 8, NULL, 0x3132352e3136372e35392e3139, 'admin@palembang', '2022-11-28 10:34:33'),
(497, 11, NULL, 0x3132352e3136352e3130342e323033, 'admin@pekanbaru', '2022-11-28 11:40:00'),
(498, 11, NULL, 0x3132352e3136352e3130342e323033, 'admin@pekanbaru', '2022-11-28 11:40:00'),
(499, 1, NULL, 0x3130332e3131312e3138382e3530, 'admin@gmail.com', '2022-11-28 12:17:37'),
(500, 1, NULL, 0x3130332e3131312e3138382e3530, 'admin@gmail.com', '2022-11-28 12:17:37'),
(501, 1, NULL, 0x3130332e3134372e392e31, 'admin@gmail.com', '2022-11-29 00:30:35'),
(502, 1, NULL, 0x3130332e3134372e392e31, 'admin@gmail.com', '2022-11-29 00:30:35'),
(503, 1, NULL, 0x3130332e3131312e3138382e3530, 'admin@gmail.com', '2022-11-29 04:46:57'),
(504, 1, NULL, 0x3130332e3131312e3138382e3530, 'admin@gmail.com', '2022-11-29 04:46:57'),
(505, 1, NULL, 0x3131342e3132322e3130372e3232, 'admin@gmail.com', '2022-11-29 05:40:57'),
(506, 1, NULL, 0x3131342e3132322e3130372e3232, 'admin@gmail.com', '2022-11-29 05:40:57'),
(507, 9, NULL, 0x3131302e3233322e38372e3330, 'admin@medan', '2022-11-29 05:45:41'),
(508, 9, NULL, 0x3131302e3233322e38372e3330, 'admin@medan', '2022-11-29 05:45:41'),
(509, 8, NULL, 0x3132352e3136372e35392e3139, 'admin@palembang', '2022-11-29 06:01:51'),
(510, 8, NULL, 0x3132352e3136372e35392e3139, 'admin@palembang', '2022-11-29 06:01:51'),
(511, 1, NULL, 0x3130332e3130342e31322e3237, 'admin@gmail.com', '2022-11-29 06:27:17'),
(512, 1, NULL, 0x3130332e3130342e31322e3237, 'admin@gmail.com', '2022-11-29 06:27:17'),
(513, 1, NULL, 0x3130332e3131312e3138382e3530, 'admin@gmail.com', '2022-11-29 07:21:32'),
(514, 1, NULL, 0x3130332e3131312e3138382e3530, 'admin@gmail.com', '2022-11-29 07:21:32'),
(515, 8, NULL, 0x3138302e3234312e3234332e313935, 'admin@palembang', '2022-11-29 07:23:29'),
(516, 8, NULL, 0x3138302e3234312e3234332e313935, 'admin@palembang', '2022-11-29 07:23:29'),
(517, 11, NULL, 0x3132352e3136352e3130342e323033, 'admin@pekanbaru', '2022-11-29 07:40:22'),
(518, 11, NULL, 0x3132352e3136352e3130342e323033, 'admin@pekanbaru', '2022-11-29 07:40:22'),
(519, 11, NULL, 0x32372e3132312e38312e32, 'admin@pekanbaru', '2022-11-29 07:43:49'),
(520, 11, NULL, 0x32372e3132312e38312e32, 'admin@pekanbaru', '2022-11-29 07:43:49'),
(521, 11, NULL, 0x3132352e3136352e3130342e323033, 'admin@pekanbaru', '2022-11-29 07:44:41'),
(522, 11, NULL, 0x3132352e3136352e3130342e323033, 'admin@pekanbaru', '2022-11-29 07:44:41'),
(523, 8, NULL, 0x3132352e3136372e35392e3139, 'admin@palembang', '2022-11-29 07:47:03'),
(524, 8, NULL, 0x3132352e3136372e35392e3139, 'admin@palembang', '2022-11-29 07:47:03'),
(525, 1, NULL, 0x3131342e3132322e3130372e3232, 'admin@gmail.com', '2022-11-29 07:57:19'),
(526, 1, NULL, 0x3131342e3132322e3130372e3232, 'admin@gmail.com', '2022-11-29 07:57:19'),
(527, 15, NULL, 0x3134302e3231332e33352e3234, 'andri@queenshamedia.com', '2022-11-29 07:58:02'),
(528, 15, NULL, 0x3134302e3231332e33352e3234, 'andri@queenshamedia.com', '2022-11-29 07:58:02'),
(529, 1, NULL, 0x3130332e3130342e31322e3237, 'admin@gmail.com', '2022-11-29 08:05:45'),
(530, 1, NULL, 0x3130332e3130342e31322e3237, 'admin@gmail.com', '2022-11-29 08:05:45'),
(531, 1, NULL, 0x3130332e3130342e31322e3237, 'admin@gmail.com', '2022-11-29 08:34:00'),
(532, 1, NULL, 0x3130332e3130342e31322e3237, 'admin@gmail.com', '2022-11-29 08:34:00'),
(533, 1, NULL, 0x3130332e3130342e31322e3237, 'admin@gmail.com', '2022-11-29 08:36:53'),
(534, 1, NULL, 0x3130332e3130342e31322e3237, 'admin@gmail.com', '2022-11-29 08:36:53'),
(535, 1, NULL, 0x3130332e3130342e31322e3237, 'admin@gmail.com', '2022-11-29 08:53:09'),
(536, 1, NULL, 0x3130332e3130342e31322e3237, 'admin@gmail.com', '2022-11-29 08:53:09'),
(537, 1, NULL, 0x3130332e3134372e392e31, 'admin@gmail.com', '2022-11-30 03:33:38'),
(538, 1, NULL, 0x3130332e3134372e392e31, 'admin@gmail.com', '2022-11-30 03:33:38'),
(539, 1, NULL, 0x3130332e3134372e392e31, 'admin@gmail.com', '2022-11-30 06:04:43'),
(540, 1, NULL, 0x3130332e3134372e392e31, 'admin@gmail.com', '2022-11-30 06:04:43'),
(541, 1, NULL, 0x3130332e3134372e392e31, 'admin@gmail.com', '2022-11-30 06:06:33'),
(542, 1, NULL, 0x3130332e3134372e392e31, 'admin@gmail.com', '2022-11-30 06:06:33'),
(543, 1, NULL, 0x3130332e3134372e392e31, 'admin@gmail.com', '2022-11-30 06:17:38'),
(544, 1, NULL, 0x3130332e3134372e392e31, 'admin@gmail.com', '2022-11-30 06:17:38'),
(545, 1, NULL, 0x3130332e3134372e392e31, 'admin@gmail.com', '2022-11-30 06:20:08'),
(546, 1, NULL, 0x3130332e3134372e392e31, 'admin@gmail.com', '2022-11-30 06:20:08'),
(547, 1, NULL, 0x3130332e3134372e392e31, 'admin@gmail.com', '2022-11-30 06:26:13'),
(548, 1, NULL, 0x3130332e3134372e392e31, 'admin@gmail.com', '2022-11-30 06:26:13'),
(549, 1, NULL, 0x3130332e3134372e392e31, 'admin@gmail.com', '2022-11-30 06:36:04'),
(550, 1, NULL, 0x3130332e3134372e392e31, 'admin@gmail.com', '2022-11-30 06:36:04'),
(551, 1, NULL, 0x3130332e3134372e392e31, 'admin@gmail.com', '2022-11-30 06:38:10'),
(552, 1, NULL, 0x3130332e3134372e392e31, 'admin@gmail.com', '2022-11-30 06:38:10'),
(553, 1, NULL, 0x3130332e3134372e392e31, 'admin@gmail.com', '2022-11-30 06:42:26'),
(554, 1, NULL, 0x3130332e3134372e392e31, 'admin@gmail.com', '2022-11-30 06:42:26'),
(555, 1, NULL, 0x3130332e3134372e392e31, 'admin@gmail.com', '2022-11-30 06:43:08'),
(556, 1, NULL, 0x3130332e3134372e392e31, 'admin@gmail.com', '2022-11-30 06:43:08'),
(557, 1, NULL, 0x3130332e3134372e392e31, 'admin@gmail.com', '2022-11-30 06:47:56'),
(558, 1, NULL, 0x3130332e3134372e392e31, 'admin@gmail.com', '2022-11-30 06:47:56'),
(559, 1, NULL, 0x3130332e3134372e392e31, 'admin@gmail.com', '2022-11-30 06:49:31'),
(560, 1, NULL, 0x3130332e3134372e392e31, 'admin@gmail.com', '2022-11-30 06:49:31'),
(561, 1, NULL, 0x3130332e3134372e392e31, 'admin@gmail.com', '2022-11-30 06:51:08'),
(562, 1, NULL, 0x3130332e3134372e392e31, 'admin@gmail.com', '2022-11-30 06:51:08'),
(563, 1, NULL, 0x3130332e3134372e392e31, 'admin@gmail.com', '2022-11-30 06:52:15'),
(564, 1, NULL, 0x3130332e3134372e392e31, 'admin@gmail.com', '2022-11-30 06:52:15'),
(565, 1, NULL, 0x3130332e3134372e392e31, 'admin@gmail.com', '2022-11-30 06:52:56'),
(566, 1, NULL, 0x3130332e3134372e392e31, 'admin@gmail.com', '2022-11-30 06:52:56'),
(567, 1, NULL, 0x3130332e3134372e392e31, 'admin@gmail.com', '2022-11-30 06:56:18'),
(568, 1, NULL, 0x3130332e3134372e392e31, 'admin@gmail.com', '2022-11-30 06:56:18'),
(569, 1, NULL, 0x3130332e3134372e392e31, 'admin@gmail.com', '2022-11-30 06:58:32'),
(570, 1, NULL, 0x3130332e3134372e392e31, 'admin@gmail.com', '2022-11-30 06:58:32'),
(571, 1, NULL, 0x3130332e3134372e392e31, 'admin@gmail.com', '2022-11-30 09:08:37'),
(572, 1, NULL, 0x3130332e3134372e392e31, 'admin@gmail.com', '2022-11-30 09:08:37'),
(573, 1, NULL, 0x3130332e3130342e31322e3237, 'admin@gmail.com', '2022-12-01 03:31:02'),
(574, 1, NULL, 0x3130332e3130342e31322e3237, 'admin@gmail.com', '2022-12-01 03:31:02'),
(575, 1, NULL, 0x3130332e3130342e31322e3237, 'admin@gmail.com', '2022-12-01 04:18:19'),
(576, 1, NULL, 0x3130332e3130342e31322e3237, 'admin@gmail.com', '2022-12-01 04:18:19'),
(577, 1, NULL, 0x3130332e3130342e31322e3237, 'admin@gmail.com', '2022-12-01 04:25:03'),
(578, 1, NULL, 0x3130332e3130342e31322e3237, 'admin@gmail.com', '2022-12-01 04:25:03'),
(579, 1, NULL, 0x3130332e3130342e31322e3237, 'admin@gmail.com', '2022-12-01 05:06:51'),
(580, 1, NULL, 0x3130332e3130342e31322e3237, 'admin@gmail.com', '2022-12-01 05:06:51'),
(581, 1, NULL, 0x3130332e3130342e31322e3237, 'admin@gmail.com', '2022-12-01 05:08:06'),
(582, 1, NULL, 0x3130332e3130342e31322e3237, 'admin@gmail.com', '2022-12-01 05:08:06'),
(583, 1, NULL, 0x3130332e3130342e31322e3237, 'admin@gmail.com', '2022-12-01 05:09:03'),
(584, 1, NULL, 0x3130332e3130342e31322e3237, 'admin@gmail.com', '2022-12-01 05:09:03'),
(585, 1, NULL, 0x3130332e3130342e31322e3237, 'admin@gmail.com', '2022-12-01 05:12:10'),
(586, 1, NULL, 0x3130332e3130342e31322e3237, 'admin@gmail.com', '2022-12-01 05:12:10'),
(587, 1, NULL, 0x3130332e3130342e31322e3237, 'admin@gmail.com', '2022-12-01 05:12:41'),
(588, 1, NULL, 0x3130332e3130342e31322e3237, 'admin@gmail.com', '2022-12-01 05:12:41'),
(589, 1, NULL, 0x3130332e3130342e31322e3237, 'admin@gmail.com', '2022-12-01 06:45:22');
INSERT INTO `tec_user_logins` (`id`, `user_id`, `company_id`, `ip_address`, `login`, `time`) VALUES
(590, 1, NULL, 0x3130332e3130342e31322e3237, 'admin@gmail.com', '2022-12-01 06:45:22'),
(591, 1, NULL, 0x3130332e3130342e31322e3237, 'admin@gmail.com', '2022-12-01 06:46:11'),
(592, 1, NULL, 0x3130332e3130342e31322e3237, 'admin@gmail.com', '2022-12-01 06:46:11'),
(593, 1, NULL, 0x3130332e3130342e31322e3237, 'admin@gmail.com', '2022-12-01 06:47:32'),
(594, 1, NULL, 0x3130332e3130342e31322e3237, 'admin@gmail.com', '2022-12-01 06:47:32'),
(595, 1, NULL, 0x3130332e3130342e31322e3237, 'admin@gmail.com', '2022-12-01 08:37:11'),
(596, 1, NULL, 0x3130332e3130342e31322e3237, 'admin@gmail.com', '2022-12-01 08:37:11'),
(597, 1, NULL, 0x3130332e3134372e392e31, 'admin@gmail.com', '2022-12-01 12:32:18'),
(598, 1, NULL, 0x3130332e3134372e392e31, 'admin@gmail.com', '2022-12-01 12:32:18'),
(599, 1, NULL, 0x3130332e3130342e31322e3237, 'admin@gmail.com', '2022-12-02 07:41:55'),
(600, 1, NULL, 0x3130332e3130342e31322e3237, 'admin@gmail.com', '2022-12-02 07:41:55'),
(601, 9, NULL, 0x3130332e3130342e31322e3237, 'admin@medan', '2022-12-02 07:43:42'),
(602, 9, NULL, 0x3130332e3130342e31322e3237, 'admin@medan', '2022-12-02 07:43:42'),
(603, 1, NULL, 0x3130332e3130342e31352e323237, 'admin@gmail.com', '2023-01-25 10:27:31'),
(604, 1, NULL, 0x3130332e3130342e31352e323237, 'admin@gmail.com', '2023-01-25 10:27:31'),
(605, 1, NULL, 0x3131342e352e3235332e313033, 'admin@gmail.com', '2023-01-25 10:59:34'),
(606, 1, NULL, 0x3131342e352e3235332e313033, 'admin@gmail.com', '2023-01-25 10:59:34'),
(607, 9, NULL, 0x3131342e352e3235332e313033, 'admin@medan', '2023-01-25 11:02:39'),
(608, 9, NULL, 0x3131342e352e3235332e313033, 'admin@medan', '2023-01-25 11:02:39'),
(609, 9, NULL, 0x3131342e352e3235332e313033, 'admin@medan', '2023-01-25 11:06:04'),
(610, 9, NULL, 0x3131342e352e3235332e313033, 'admin@medan', '2023-01-25 11:06:04'),
(611, 9, NULL, 0x3131342e352e3235332e313033, 'admin@medan', '2023-01-25 11:16:25'),
(612, 9, NULL, 0x3131342e352e3235332e313033, 'admin@medan', '2023-01-25 11:16:25'),
(613, 9, NULL, 0x3131342e352e3235332e313033, 'admin@medan', '2023-01-25 11:29:24'),
(614, 9, NULL, 0x3131342e352e3235332e313033, 'admin@medan', '2023-01-25 11:29:24'),
(615, 1, NULL, 0x3138322e3235332e3133312e313638, 'admin@gmail.com', '2023-01-25 11:30:36'),
(616, 1, NULL, 0x3138322e3235332e3133312e313638, 'admin@gmail.com', '2023-01-25 11:30:36'),
(617, 9, NULL, 0x3131342e352e3235332e313033, 'admin@medan', '2023-01-25 11:38:21'),
(618, 9, NULL, 0x3131342e352e3235332e313033, 'admin@medan', '2023-01-25 11:38:21'),
(619, 9, NULL, 0x3131342e352e3235332e313033, 'admin@medan', '2023-01-25 11:42:13'),
(620, 9, NULL, 0x3131342e352e3235332e313033, 'admin@medan', '2023-01-25 11:42:13'),
(621, 1, NULL, 0x3131342e3132322e37332e3430, 'admin@gmail.com', '2023-01-26 07:57:27'),
(622, 1, NULL, 0x3131342e3132322e37332e3430, 'admin@gmail.com', '2023-01-26 07:57:27'),
(623, 1, NULL, 0x3131312e39342e38322e3532, 'admin@gmail.com', '2023-01-30 13:20:03'),
(624, 1, NULL, 0x3131312e39342e38322e3532, 'admin@gmail.com', '2023-01-30 13:20:03');

-- --------------------------------------------------------

--
-- Table structure for table `tec_warehouses`
--

CREATE TABLE `tec_warehouses` (
  `id` int(11) NOT NULL,
  `name` varchar(100) DEFAULT NULL,
  `created_at` timestamp NOT NULL DEFAULT current_timestamp(),
  `updated_at` timestamp NULL DEFAULT NULL,
  `deleted_at` timestamp NULL DEFAULT NULL
) ENGINE=InnoDB DEFAULT CHARSET=utf8mb4 COLLATE=utf8mb4_general_ci;

--
-- Dumping data for table `tec_warehouses`
--

INSERT INTO `tec_warehouses` (`id`, `name`, `created_at`, `updated_at`, `deleted_at`) VALUES
(1, 'BANDUNG', '2022-11-11 15:04:06', NULL, NULL),
(2, 'MEDAN', '2022-11-11 15:04:06', NULL, NULL),
(3, 'PALEMBANG', '2022-11-12 13:50:37', NULL, NULL),
(4, 'SURABAYA', '2022-11-12 13:52:31', NULL, NULL),
(7, 'DENPASAR', '2022-11-12 13:54:08', NULL, NULL),
(10, 'PEKANBARU', '2022-11-13 02:17:21', NULL, NULL),
(11, 'SAMARINDA', '2022-11-16 03:30:13', NULL, NULL),
(12, 'MAKASSAR', '2022-11-16 03:30:20', NULL, NULL);

--
-- Indexes for dumped tables
--

--
-- Indexes for table `tec_categories`
--
ALTER TABLE `tec_categories`
  ADD PRIMARY KEY (`id`);

--
-- Indexes for table `tec_check_in`
--
ALTER TABLE `tec_check_in`
  ADD PRIMARY KEY (`id`);

--
-- Indexes for table `tec_check_in_items`
--
ALTER TABLE `tec_check_in_items`
  ADD PRIMARY KEY (`id`),
  ADD KEY `stock_in_no` (`check_in_id`);

--
-- Indexes for table `tec_check_out`
--
ALTER TABLE `tec_check_out`
  ADD PRIMARY KEY (`id`);

--
-- Indexes for table `tec_check_out_items`
--
ALTER TABLE `tec_check_out_items`
  ADD PRIMARY KEY (`id`),
  ADD KEY `stock_out_no` (`check_out_id`);

--
-- Indexes for table `tec_customers`
--
ALTER TABLE `tec_customers`
  ADD PRIMARY KEY (`id`);

--
-- Indexes for table `tec_detail_travel_document`
--
ALTER TABLE `tec_detail_travel_document`
  ADD PRIMARY KEY (`id`);

--
-- Indexes for table `tec_groups`
--
ALTER TABLE `tec_groups`
  ADD PRIMARY KEY (`id`);

--
-- Indexes for table `tec_items`
--
ALTER TABLE `tec_items`
  ADD PRIMARY KEY (`id`);

--
-- Indexes for table `tec_item_rack`
--
ALTER TABLE `tec_item_rack`
  ADD PRIMARY KEY (`id`);

--
-- Indexes for table `tec_item_warehouse`
--
ALTER TABLE `tec_item_warehouse`
  ADD PRIMARY KEY (`id`);

--
-- Indexes for table `tec_login_attempts`
--
ALTER TABLE `tec_login_attempts`
  ADD PRIMARY KEY (`id`);

--
-- Indexes for table `tec_sales`
--
ALTER TABLE `tec_sales`
  ADD PRIMARY KEY (`id`);

--
-- Indexes for table `tec_sessions`
--
ALTER TABLE `tec_sessions`
  ADD PRIMARY KEY (`id`),
  ADD KEY `ci_sessions_timestamp` (`timestamp`);

--
-- Indexes for table `tec_settings`
--
ALTER TABLE `tec_settings`
  ADD PRIMARY KEY (`setting_id`);

--
-- Indexes for table `tec_suppliers`
--
ALTER TABLE `tec_suppliers`
  ADD PRIMARY KEY (`id`);

--
-- Indexes for table `tec_travel_document`
--
ALTER TABLE `tec_travel_document`
  ADD PRIMARY KEY (`id`);

--
-- Indexes for table `tec_users`
--
ALTER TABLE `tec_users`
  ADD PRIMARY KEY (`id`),
  ADD KEY `group_id` (`group_id`);

--
-- Indexes for table `tec_user_logins`
--
ALTER TABLE `tec_user_logins`
  ADD PRIMARY KEY (`id`);

--
-- Indexes for table `tec_warehouses`
--
ALTER TABLE `tec_warehouses`
  ADD PRIMARY KEY (`id`);

--
-- AUTO_INCREMENT for dumped tables
--

--
-- AUTO_INCREMENT for table `tec_categories`
--
ALTER TABLE `tec_categories`
  MODIFY `id` int(11) NOT NULL AUTO_INCREMENT, AUTO_INCREMENT=3;

--
-- AUTO_INCREMENT for table `tec_check_in`
--
ALTER TABLE `tec_check_in`
  MODIFY `id` int(11) NOT NULL AUTO_INCREMENT, AUTO_INCREMENT=16;

--
-- AUTO_INCREMENT for table `tec_check_in_items`
--
ALTER TABLE `tec_check_in_items`
  MODIFY `id` int(11) NOT NULL AUTO_INCREMENT, AUTO_INCREMENT=28;

--
-- AUTO_INCREMENT for table `tec_check_out`
--
ALTER TABLE `tec_check_out`
  MODIFY `id` int(11) NOT NULL AUTO_INCREMENT, AUTO_INCREMENT=32;

--
-- AUTO_INCREMENT for table `tec_check_out_items`
--
ALTER TABLE `tec_check_out_items`
  MODIFY `id` int(11) NOT NULL AUTO_INCREMENT, AUTO_INCREMENT=121;

--
-- AUTO_INCREMENT for table `tec_customers`
--
ALTER TABLE `tec_customers`
  MODIFY `id` int(11) NOT NULL AUTO_INCREMENT, AUTO_INCREMENT=3;

--
-- AUTO_INCREMENT for table `tec_detail_travel_document`
--
ALTER TABLE `tec_detail_travel_document`
  MODIFY `id` int(11) NOT NULL AUTO_INCREMENT, AUTO_INCREMENT=2258;

--
-- AUTO_INCREMENT for table `tec_groups`
--
ALTER TABLE `tec_groups`
  MODIFY `id` mediumint(8) UNSIGNED NOT NULL AUTO_INCREMENT, AUTO_INCREMENT=3;

--
-- AUTO_INCREMENT for table `tec_items`
--
ALTER TABLE `tec_items`
  MODIFY `id` int(11) NOT NULL AUTO_INCREMENT, AUTO_INCREMENT=15;

--
-- AUTO_INCREMENT for table `tec_item_rack`
--
ALTER TABLE `tec_item_rack`
  MODIFY `id` int(11) NOT NULL AUTO_INCREMENT;

--
-- AUTO_INCREMENT for table `tec_item_warehouse`
--
ALTER TABLE `tec_item_warehouse`
  MODIFY `id` int(11) NOT NULL AUTO_INCREMENT, AUTO_INCREMENT=24;

--
-- AUTO_INCREMENT for table `tec_login_attempts`
--
ALTER TABLE `tec_login_attempts`
  MODIFY `id` mediumint(8) UNSIGNED NOT NULL AUTO_INCREMENT, AUTO_INCREMENT=24;

--
-- AUTO_INCREMENT for table `tec_sales`
--
ALTER TABLE `tec_sales`
  MODIFY `id` int(11) NOT NULL AUTO_INCREMENT, AUTO_INCREMENT=22;

--
-- AUTO_INCREMENT for table `tec_suppliers`
--
ALTER TABLE `tec_suppliers`
  MODIFY `id` int(11) NOT NULL AUTO_INCREMENT, AUTO_INCREMENT=2;

--
-- AUTO_INCREMENT for table `tec_travel_document`
--
ALTER TABLE `tec_travel_document`
  MODIFY `id` int(11) NOT NULL AUTO_INCREMENT, AUTO_INCREMENT=40;

--
-- AUTO_INCREMENT for table `tec_users`
--
ALTER TABLE `tec_users`
  MODIFY `id` int(11) UNSIGNED NOT NULL AUTO_INCREMENT, AUTO_INCREMENT=17;

--
-- AUTO_INCREMENT for table `tec_user_logins`
--
ALTER TABLE `tec_user_logins`
  MODIFY `id` int(11) NOT NULL AUTO_INCREMENT, AUTO_INCREMENT=625;

--
-- AUTO_INCREMENT for table `tec_warehouses`
--
ALTER TABLE `tec_warehouses`
  MODIFY `id` int(11) NOT NULL AUTO_INCREMENT, AUTO_INCREMENT=13;
COMMIT;

/*!40101 SET CHARACTER_SET_CLIENT=@OLD_CHARACTER_SET_CLIENT */;
/*!40101 SET CHARACTER_SET_RESULTS=@OLD_CHARACTER_SET_RESULTS */;
/*!40101 SET COLLATION_CONNECTION=@OLD_COLLATION_CONNECTION */;
